scenario_id,scenario_title,source_note,method,memory_mode,question,raw_history_messages,processed_history_messages,raw_history_chars,processed_history_chars,history_reduction_percent,api_calls_logged,summary_tokens,rewrite_tokens,api_tokens_logged_total,api_tokens_logged_each,elapsed_s,rewritten_question,intent,context_ok,matched_keywords,missing_keyword_groups,error
vitamin_d,Nguồn bổ sung vitamin D cho trẻ 6 tháng bú mẹ,KB1 câu 398--400.,no_memory,none,Loại vitamin đó còn có thể được bổ sung từ những nguồn nào?,10,0,930,0,100.0,1,0,887,887,887,0.95,Vitamin D cho trẻ 6 tháng tuổi có thể được bổ sung từ những nguồn nào?,OUT_OF_SCOPE,True,vitamin d | 6 tháng | bổ sung từ,,
vitamin_d,Nguồn bổ sung vitamin D cho trẻ 6 tháng bú mẹ,KB1 câu 398--400.,fixed_window,last_6_messages,Loại vitamin đó còn có thể được bổ sung từ những nguồn nào?,10,6,930,556,40.22,1,0,1068,1068,1068,0.395,Vitamin D cho trẻ 6 tháng tuổi có thể được bổ sung từ những nguồn nào?,RAG,True,vitamin d | 6 tháng | bổ sung từ,,
vitamin_d,Nguồn bổ sung vitamin D cho trẻ 6 tháng bú mẹ,KB1 câu 398--400.,full_history,full,Loại vitamin đó còn có thể được bổ sung từ những nguồn nào?,10,10,930,930,0.0,1,0,1184,1184,1184,0.438,Vitamin D cho trẻ 6 tháng tuổi có thể được bổ sung từ những nguồn nào?,RAG,True,vitamin d | 6 tháng | bổ sung từ,,
vitamin_d,Nguồn bổ sung vitamin D cho trẻ 6 tháng bú mẹ,KB1 câu 398--400.,summary_only,summary_only,Loại vitamin đó còn có thể được bổ sung từ những nguồn nào?,10,1,930,248,73.33,2,605,975,1580,605 | 975,0.982,"Vitamin D cho trẻ 6 tháng tuổi có thể được bổ sung từ những nguồn nào, bao gồm thực phẩm bổ sung, sữa bổ sung hoặc các loại thực phẩm giàu vitamin D như cá, trứng, sữa?",RAG,True,vitamin d | 6 tháng | bổ sung từ,,
vitamin_d,Nguồn bổ sung vitamin D cho trẻ 6 tháng bú mẹ,KB1 câu 398--400.,acm,light_summary,Loại vitamin đó còn có thể được bổ sung từ những nguồn nào?,10,10,930,930,0.0,1,0,1184,1184,1184,0.42,Vitamin D cho trẻ 6 tháng tuổi có thể được bổ sung từ những nguồn nào?,RAG,True,vitamin d | 6 tháng | bổ sung từ,,
oral_care,Dụng cụ vệ sinh miệng cho trẻ 6 tháng chưa mọc răng,KB1 câu 196 và 198.,no_memory,none,Còn khi bé chưa mọc răng thì nên dùng dụng cụ gì để vệ sinh?,10,0,856,0,100.0,1,0,890,890,890,0.419,Dụng cụ vệ sinh nào nên sử dụng cho trẻ chưa mọc răng?,RAG,False,dụng cụ,(vệ sinh răng miệng OR vệ sinh miệng OR làm sạch lợi OR chăm sóc vùng miệng) | (6 tháng OR trẻ 6 tháng),
oral_care,Dụng cụ vệ sinh miệng cho trẻ 6 tháng chưa mọc răng,KB1 câu 196 và 198.,fixed_window,last_6_messages,Còn khi bé chưa mọc răng thì nên dùng dụng cụ gì để vệ sinh?,10,6,856,548,35.98,1,0,1070,1070,1070,0.566,Dụng cụ vệ sinh cho trẻ chưa mọc răng là gì?,RAG,False,dụng cụ,(vệ sinh răng miệng OR vệ sinh miệng OR làm sạch lợi OR chăm sóc vùng miệng) | (6 tháng OR trẻ 6 tháng),
oral_care,Dụng cụ vệ sinh miệng cho trẻ 6 tháng chưa mọc răng,KB1 câu 196 và 198.,full_history,full,Còn khi bé chưa mọc răng thì nên dùng dụng cụ gì để vệ sinh?,10,10,856,856,0.0,1,0,1172,1172,1172,0.509,Dụng cụ vệ sinh răng miệng cho trẻ 6 tháng tuổi chưa mọc răng là gì?,RAG,True,vệ sinh răng miệng | 6 tháng | dụng cụ,,
oral_care,Dụng cụ vệ sinh miệng cho trẻ 6 tháng chưa mọc răng,KB1 câu 196 và 198.,summary_only,summary_only,Còn khi bé chưa mọc răng thì nên dùng dụng cụ gì để vệ sinh?,10,1,856,320,62.62,2,581,1001,1582,581 | 1001,1.166,Dụng cụ vệ sinh răng miệng cho trẻ 6 tháng tuổi chưa mọc răng là gì?,RAG,True,vệ sinh răng miệng | 6 tháng | dụng cụ,,
oral_care,Dụng cụ vệ sinh miệng cho trẻ 6 tháng chưa mọc răng,KB1 câu 196 và 198.,acm,light_summary,Còn khi bé chưa mọc răng thì nên dùng dụng cụ gì để vệ sinh?,10,10,856,856,0.0,1,0,1172,1172,1172,0.417,Dụng cụ vệ sinh răng miệng cho trẻ 6 tháng tuổi chưa mọc răng là gì?,RAG,True,vệ sinh răng miệng | 6 tháng | dụng cụ,,
complementary_feeding,Độ đặc và lượng ăn dặm cho trẻ 6 tháng,KB1 câu 19--20 và 289--292.,no_memory,none,Còn độ đặc và số lượng thì áp dụng nguyên tắc nào cho bé?,10,0,829,0,100.0,1,0,888,888,888,0.51,Độ đặc và số lượng sữa cho trẻ sơ sinh cần được tuân thủ theo nguyên tắc nào để đảm bảo sự phát triển khỏe mạnh?,RAG,False,độ đặc,(ăn bổ sung OR ăn dặm) | (6 tháng OR trẻ 6 tháng),
complementary_feeding,Độ đặc và lượng ăn dặm cho trẻ 6 tháng,KB1 câu 19--20 và 289--292.,fixed_window,last_6_messages,Còn độ đặc và số lượng thì áp dụng nguyên tắc nào cho bé?,10,6,829,542,34.62,1,0,1069,1069,1069,0.46,Còn độ đặc và số lượng thức ăn thì áp dụng nguyên tắc nào cho trẻ 6 tháng tuổi?,RAG,False,6 tháng | độ đặc,(ăn bổ sung OR ăn dặm),
complementary_feeding,Độ đặc và lượng ăn dặm cho trẻ 6 tháng,KB1 câu 19--20 và 289--292.,full_history,full,Còn độ đặc và số lượng thì áp dụng nguyên tắc nào cho bé?,10,10,829,829,0.0,1,0,1167,1167,1167,0.482,"Nguyên tắc ban đầu về độ đặc và số lượng thức ăn cho trẻ 6 tháng tuổi là cho ăn từ loãng đến đặc, từ ít đến nhiều và tiếp tục bú mẹ.",RAG,False,6 tháng | độ đặc,(ăn bổ sung OR ăn dặm),
complementary_feeding,Độ đặc và lượng ăn dặm cho trẻ 6 tháng,KB1 câu 19--20 và 289--292.,summary_only,summary_only,Còn độ đặc và số lượng thì áp dụng nguyên tắc nào cho bé?,10,1,829,266,67.91,2,582,987,1569,582 | 987,0.901,"Nguyên tắc độ đặc và số lượng thức ăn cho trẻ 6 tháng tuổi khi bắt đầu ăn dặm là ăn từ loãng đến đặc, từ ít đến nhiều.",RAG,True,ăn dặm | 6 tháng | độ đặc,,
complementary_feeding,Độ đặc và lượng ăn dặm cho trẻ 6 tháng,KB1 câu 19--20 và 289--292.,acm,light_summary,Còn độ đặc và số lượng thì áp dụng nguyên tắc nào cho bé?,10,10,829,829,0.0,1,0,1167,1167,1167,0.536,"Nguyên tắc ban đầu về độ đặc và số lượng thức ăn cho trẻ 6 tháng tuổi là cho ăn từ loãng đến đặc, từ ít đến nhiều và tiếp tục bú mẹ.",RAG,False,6 tháng | độ đặc,(ăn bổ sung OR ăn dặm),
vomiting_danger,Dấu hiệu cần đi khám khi trẻ 8 tháng nôn ói,KB1 câu 188--189 và 395--397.,no_memory,none,Còn khi nào thì tình trạng đó cần đưa bé đi khám ngay?,10,0,925,0,100.0,1,0,887,887,887,0.433,"Khi nào thì tình trạng khó thở, sốt cao, hoặc bất kỳ dấu hiệu bất thường nào khác của bé cần đưa đi khám ngay lập tức?",RAG,False,đi khám,(nôn ói OR nôn OR ói) | (8 tháng OR trẻ 8 tháng),
vomiting_danger,Dấu hiệu cần đi khám khi trẻ 8 tháng nôn ói,KB1 câu 188--189 và 395--397.,fixed_window,last_6_messages,Còn khi nào thì tình trạng đó cần đưa bé đi khám ngay?,10,6,925,526,43.14,1,0,1061,1061,1061,0.518,Khi nào thì tình trạng trẻ bắt đầu học hỏi và khám phá thế giới xung quanh cần đưa bé đi khám sức khỏe ngay?,RAG,False,đi khám,(nôn ói OR nôn OR ói) | (8 tháng OR trẻ 8 tháng),
vomiting_danger,Dấu hiệu cần đi khám khi trẻ 8 tháng nôn ói,KB1 câu 188--189 và 395--397.,full_history,full,Còn khi nào thì tình trạng đó cần đưa bé đi khám ngay?,10,10,925,925,0.0,1,0,1193,1193,1193,0.397,"Cần đi khám ngay khi trẻ nôn kéo dài, dịch nôn có máu hoặc màu vàng xanh, mất nước, sốt cao, li bì, co giật hoặc bỏ bú.",RAG,False,nôn | đi khám,(8 tháng OR trẻ 8 tháng),
vomiting_danger,Dấu hiệu cần đi khám khi trẻ 8 tháng nôn ói,KB1 câu 188--189 và 395--397.,summary_only,summary_only,Còn khi nào thì tình trạng đó cần đưa bé đi khám ngay?,10,1,925,608,34.27,2,605,1080,1685,605 | 1080,1.076,Khi nào thì tình trạng nôn ói nhiều ở trẻ 8 tháng tuổi cần đưa bé đi khám ngay?,RAG,True,nôn ói | 8 tháng | đi khám,,
vomiting_danger,Dấu hiệu cần đi khám khi trẻ 8 tháng nôn ói,KB1 câu 188--189 và 395--397.,acm,light_summary,Còn khi nào thì tình trạng đó cần đưa bé đi khám ngay?,10,10,925,925,0.0,1,0,1193,1193,1193,0.404,"Cần đi khám ngay khi trẻ nôn kéo dài, dịch nôn có máu hoặc màu vàng xanh, mất nước, sốt cao, li bì, co giật hoặc bỏ bú.",RAG,False,nôn | đi khám,(8 tháng OR trẻ 8 tháng),
diarrhea_rehydration,Bù nước khi trẻ 2 tuổi bị tiêu chảy,KB1 câu 25 và 187--189.,no_memory,none,Còn loại dung dịch đó nên dùng để xử trí tình trạng nào của bé?,10,0,834,0,100.0,1,0,889,889,889,0.491,Loại dung dịch đó nên dùng để xử trí tình trạng nào của bé?,RAG,False,,(tiêu chảy) | (2 tuổi OR trẻ 2 tuổi) | (oresol OR ô-rê-zôn OR bù nước),
diarrhea_rehydration,Bù nước khi trẻ 2 tuổi bị tiêu chảy,KB1 câu 25 và 187--189.,fixed_window,last_6_messages,Còn loại dung dịch đó nên dùng để xử trí tình trạng nào của bé?,10,6,834,540,35.25,1,0,1069,1069,1069,0.442,"Loại dung dịch bù nước cho trẻ cần dùng để xử trí tình trạng mất nước, sốt, nôn mửa, tiêu chảy hoặc các tình trạng khác gây mất nước ở trẻ.",RAG,False,tiêu chảy | bù nước,(2 tuổi OR trẻ 2 tuổi),
diarrhea_rehydration,Bù nước khi trẻ 2 tuổi bị tiêu chảy,KB1 câu 25 và 187--189.,full_history,full,Còn loại dung dịch đó nên dùng để xử trí tình trạng nào của bé?,10,10,834,834,0.0,1,0,1168,1168,1168,1.037,Dung dịch bù nước Oresol cho trẻ 2 tuổi nên dùng để xử trí tình trạng mất nước do tiêu chảy.,RAG,True,tiêu chảy | 2 tuổi | oresol,,
diarrhea_rehydration,Bù nước khi trẻ 2 tuổi bị tiêu chảy,KB1 câu 25 và 187--189.,summary_only,summary_only,Còn loại dung dịch đó nên dùng để xử trí tình trạng nào của bé?,10,1,834,340,59.23,2,572,1006,1578,572 | 1006,0.973,Loại dung dịch Oresol mà mẹ đã sử dụng để điều trị tiêu chảy cho con 2 tuổi nên dùng để xử trí tình trạng mất nước ở trẻ nhỏ như thế nào?,RAG,True,tiêu chảy | 2 tuổi | oresol,,
diarrhea_rehydration,Bù nước khi trẻ 2 tuổi bị tiêu chảy,KB1 câu 25 và 187--189.,acm,light_summary,Còn loại dung dịch đó nên dùng để xử trí tình trạng nào của bé?,10,10,834,834,0.0,1,0,1168,1168,1168,0.431,Dung dịch bù nước Oresol cho trẻ 2 tuổi nên dùng để xử trí tình trạng mất nước do tiêu chảy.,RAG,True,tiêu chảy | 2 tuổi | oresol,,
breastmilk_storage,Bảo quản sữa mẹ trong ngăn mát,KB1 câu 16 và 42--44.,no_memory,none,Còn trong ngăn mát thì loại sữa đó được giữ trong bao lâu?,10,0,820,0,100.0,1,0,887,887,887,0.386,Sữa được lưu trữ trong ngăn mát bao lâu thì không còn an toàn sử dụng?,RAG,False,ngăn mát,(sữa mẹ) | (3 tháng OR trẻ 3 tháng OR bé 3 tháng),
breastmilk_storage,Bảo quản sữa mẹ trong ngăn mát,KB1 câu 16 và 42--44.,fixed_window,last_6_messages,Còn trong ngăn mát thì loại sữa đó được giữ trong bao lâu?,10,6,820,534,34.88,1,0,1064,1064,1064,0.432,Sữa cho trẻ 6 tháng tuổi được bảo quản trong ngăn mát trong bao lâu?,RAG,False,ngăn mát,(sữa mẹ) | (3 tháng OR trẻ 3 tháng OR bé 3 tháng),
breastmilk_storage,Bảo quản sữa mẹ trong ngăn mát,KB1 câu 16 và 42--44.,full_history,full,Còn trong ngăn mát thì loại sữa đó được giữ trong bao lâu?,10,10,820,820,0.0,1,0,1163,1163,1163,0.431,Sữa mẹ cho bé 3 tháng tuổi được bảo quản trong ngăn mát dưới 4 độ C trong bao lâu?,RAG,True,sữa mẹ | 3 tháng | ngăn mát,,
breastmilk_storage,Bảo quản sữa mẹ trong ngăn mát,KB1 câu 16 và 42--44.,summary_only,summary_only,Còn trong ngăn mát thì loại sữa đó được giữ trong bao lâu?,10,1,820,245,70.12,2,569,973,1542,569 | 973,0.91,Thời gian bảo quản sữa mẹ trong ngăn mát cho trẻ 3 tháng tuổi là bao lâu?,RAG,True,sữa mẹ | 3 tháng | ngăn mát,,
breastmilk_storage,Bảo quản sữa mẹ trong ngăn mát,KB1 câu 16 và 42--44.,acm,light_summary,Còn trong ngăn mát thì loại sữa đó được giữ trong bao lâu?,10,10,820,820,0.0,1,0,1163,1163,1163,0.455,Sữa mẹ cho bé 3 tháng tuổi được bảo quản trong ngăn mát dưới 4 độ C trong bao lâu?,RAG,True,sữa mẹ | 3 tháng | ngăn mát,,
newborn_danger_signs,Dấu hiệu nguy hiểm ở trẻ sơ sinh 10 ngày tuổi,"KB1 câu 6, 9 và 10.",no_memory,none,Còn những biểu hiện nào của bé được xem là dấu hiệu nguy hiểm?,10,0,861,0,100.0,1,0,888,888,888,0.43,Dấu hiệu nguy hiểm của trẻ sơ sinh bao gồm những biểu hiện nào và cần được xử lý như thế nào?,RAG,False,dấu hiệu nguy hiểm | trẻ sơ sinh,(bú kém OR bỏ bú OR li bì OR khó thở OR co giật),
newborn_danger_signs,Dấu hiệu nguy hiểm ở trẻ sơ sinh 10 ngày tuổi,"KB1 câu 6, 9 và 10.",fixed_window,last_6_messages,Còn những biểu hiện nào của bé được xem là dấu hiệu nguy hiểm?,10,6,861,529,38.56,1,0,1064,1064,1064,0.394,Dấu hiệu nguy hiểm của trẻ sơ sinh bao gồm những biểu hiện nào và cần được đưa đi khám ngay lập tức?,RAG,False,dấu hiệu nguy hiểm | trẻ sơ sinh,(bú kém OR bỏ bú OR li bì OR khó thở OR co giật),
newborn_danger_signs,Dấu hiệu nguy hiểm ở trẻ sơ sinh 10 ngày tuổi,"KB1 câu 6, 9 và 10.",full_history,full,Còn những biểu hiện nào của bé được xem là dấu hiệu nguy hiểm?,10,10,861,861,0.0,1,0,1173,1173,1173,0.476,"Cần theo dõi những dấu hiệu nguy hiểm khác của trẻ sơ sinh 10 ngày tuổi, ngoài bú kém hoặc bỏ bú, ngủ li bì khó đánh thức, thở bất thường, sốt hoặc hạ nhiệt độ, co giật và các biểu hiện bất thường khác.",RAG,True,dấu hiệu nguy hiểm | 10 ngày | bú kém,,
newborn_danger_signs,Dấu hiệu nguy hiểm ở trẻ sơ sinh 10 ngày tuổi,"KB1 câu 6, 9 và 10.",summary_only,summary_only,Còn những biểu hiện nào của bé được xem là dấu hiệu nguy hiểm?,10,1,861,249,71.08,2,575,975,1550,575 | 975,2.096,Dấu hiệu nguy hiểm ở trẻ 10 ngày tuổi bao gồm những biểu hiện nào và cách xử trí ban đầu khi trẻ sốt cao?,RAG,False,dấu hiệu nguy hiểm | 10 ngày,(bú kém OR bỏ bú OR li bì OR khó thở OR co giật),
newborn_danger_signs,Dấu hiệu nguy hiểm ở trẻ sơ sinh 10 ngày tuổi,"KB1 câu 6, 9 và 10.",acm,light_summary,Còn những biểu hiện nào của bé được xem là dấu hiệu nguy hiểm?,10,10,861,861,0.0,1,0,1173,1173,1173,10.838,"Cần theo dõi những dấu hiệu nguy hiểm khác của trẻ sơ sinh 10 ngày tuổi, ngoài bú kém hoặc bỏ bú, ngủ li bì khó đánh thức, thở bất thường, sốt hoặc hạ nhiệt độ, co giật và các biểu hiện bất thường khác.",RAG,True,dấu hiệu nguy hiểm | 10 ngày | bú kém,,
bcg_lymphadenitis,Viêm hạch sau tiêm BCG ở trẻ 2 tháng,KB1 câu 392--394.,no_memory,none,Còn phản ứng nổi hạch đó sau mũi tiêm nào và nên xử trí ra sao?,10,0,898,0,100.0,1,0,892,892,892,0.435,Phản ứng nổi hạch sau mũi tiêm ở trẻ 6 tháng tuổi có thể do đâu và cách xử trí như thế nào?,RAG,False,nổi hạch,(bcg OR tiêm ngừa lao OR vắc xin lao) | (2 tháng OR trẻ 2 tháng),
bcg_lymphadenitis,Viêm hạch sau tiêm BCG ở trẻ 2 tháng,KB1 câu 392--394.,fixed_window,last_6_messages,Còn phản ứng nổi hạch đó sau mũi tiêm nào và nên xử trí ra sao?,10,6,898,545,39.31,1,0,1075,1075,1075,0.542,Phản ứng nổi hạch sau mũi tiêm ở trẻ 6 tháng tuổi là gì và cách xử trí như thế nào?,RAG,False,nổi hạch,(bcg OR tiêm ngừa lao OR vắc xin lao) | (2 tháng OR trẻ 2 tháng),
bcg_lymphadenitis,Viêm hạch sau tiêm BCG ở trẻ 2 tháng,KB1 câu 392--394.,full_history,full,Còn phản ứng nổi hạch đó sau mũi tiêm nào và nên xử trí ra sao?,10,10,898,898,0.0,1,0,1200,1200,1200,0.548,Phản ứng nổi hạch sau mũi tiêm BCG ở trẻ 2 tháng tuổi là gì và cách xử trí ra sao?,RAG,True,bcg | 2 tháng | nổi hạch,,
bcg_lymphadenitis,Viêm hạch sau tiêm BCG ở trẻ 2 tháng,KB1 câu 392--394.,summary_only,summary_only,Còn phản ứng nổi hạch đó sau mũi tiêm nào và nên xử trí ra sao?,10,1,898,322,64.14,2,598,1002,1600,598 | 1002,0.952,Phản ứng nổi hạch sau mũi tiêm BCG ở trẻ 2 tháng tuổi có thể biểu hiện như thế nào và cách xử trí an toàn để giảm thiểu triệu chứng.,RAG,True,bcg | 2 tháng | nổi hạch,,
bcg_lymphadenitis,Viêm hạch sau tiêm BCG ở trẻ 2 tháng,KB1 câu 392--394.,acm,light_summary,Còn phản ứng nổi hạch đó sau mũi tiêm nào và nên xử trí ra sao?,10,10,898,898,0.0,1,0,1200,1200,1200,0.45,Phản ứng nổi hạch sau mũi tiêm BCG ở trẻ 2 tháng tuổi là gì và cách xử trí ra sao?,RAG,True,bcg | 2 tháng | nổi hạch,,
exclusive_breastfeeding_water,Có cần cho trẻ 4 tháng bú mẹ hoàn toàn uống nước,"KB1 câu 7, 34 và 69--70.",no_memory,none,Còn loại nước đó có cần cho bé uống thêm không?,10,0,883,0,100.0,1,0,885,885,885,0.386,Loại nước đó có cần cho trẻ uống thêm không?,RAG,False,,(sữa mẹ OR bú mẹ hoàn toàn) | (4 tháng OR trẻ 4 tháng) | (nước trắng OR uống thêm nước OR không cần),
exclusive_breastfeeding_water,Có cần cho trẻ 4 tháng bú mẹ hoàn toàn uống nước,"KB1 câu 7, 34 và 69--70.",fixed_window,last_6_messages,Còn loại nước đó có cần cho bé uống thêm không?,10,6,883,528,40.2,1,0,1061,1061,1061,0.438,Loại nước có cần bổ sung cho trẻ trong giai đoạn này có nên cho bé uống thêm không?,RAG,False,,(sữa mẹ OR bú mẹ hoàn toàn) | (4 tháng OR trẻ 4 tháng) | (nước trắng OR uống thêm nước OR không cần),
exclusive_breastfeeding_water,Có cần cho trẻ 4 tháng bú mẹ hoàn toàn uống nước,"KB1 câu 7, 34 và 69--70.",full_history,full,Còn loại nước đó có cần cho bé uống thêm không?,10,10,883,883,0.0,1,0,1169,1169,1169,0.507,Trẻ 4 tháng tuổi bú mẹ hoàn toàn có cần uống thêm nước trắng không và loại nước đó có cần cho bé uống thêm không?,RAG,True,bú mẹ hoàn toàn | 4 tháng | nước trắng,,
exclusive_breastfeeding_water,Có cần cho trẻ 4 tháng bú mẹ hoàn toàn uống nước,"KB1 câu 7, 34 và 69--70.",summary_only,summary_only,Còn loại nước đó có cần cho bé uống thêm không?,10,1,883,270,69.42,2,581,975,1556,581 | 975,0.942,Nước trắng có cần cho bé 4 tháng tuổi uống thêm không?,RAG,False,4 tháng | nước trắng,(sữa mẹ OR bú mẹ hoàn toàn),
exclusive_breastfeeding_water,Có cần cho trẻ 4 tháng bú mẹ hoàn toàn uống nước,"KB1 câu 7, 34 và 69--70.",acm,light_summary,Còn loại nước đó có cần cho bé uống thêm không?,10,10,883,883,0.0,1,0,1169,1169,1169,0.48,Trẻ 4 tháng tuổi bú mẹ hoàn toàn có cần uống thêm nước trắng không và loại nước đó có cần cho bé uống thêm không?,RAG,True,bú mẹ hoàn toàn | 4 tháng | nước trắng,,
stomach_capacity,Dung tích dạ dày trẻ sơ sinh ngày thứ ba,KB1 câu 31--33.,no_memory,none,Còn ở mốc đó thì mỗi lần bú dạ dày của bé chứa khoảng bao nhiêu?,10,0,837,0,100.0,1,0,893,893,893,0.372,"Mỗi lần bú, dạ dày của bé 6 tháng tuổi chứa khoảng bao nhiêu?",RAG,False,dạ dày,(ngày thứ 3 OR ngày thứ ba OR 3 ngày) | (22 OR 27 OR ml),
stomach_capacity,Dung tích dạ dày trẻ sơ sinh ngày thứ ba,KB1 câu 31--33.,fixed_window,last_6_messages,Còn ở mốc đó thì mỗi lần bú dạ dày của bé chứa khoảng bao nhiêu?,10,6,837,543,35.13,1,0,1075,1075,1075,0.45,"Trẻ sơ sinh cần được khám sức khỏe định kỳ bao lâu sau khi sinh để theo dõi cân nặng, chiều cao, các mốc phát triển tâm vận động và nhận tư vấn về dinh dưỡng, tiêm chủng.",RAG,False,,(dung tích dạ dày OR dạ dày) | (ngày thứ 3 OR ngày thứ ba OR 3 ngày) | (22 OR 27 OR ml),
stomach_capacity,Dung tích dạ dày trẻ sơ sinh ngày thứ ba,KB1 câu 31--33.,full_history,full,Còn ở mốc đó thì mỗi lần bú dạ dày của bé chứa khoảng bao nhiêu?,10,10,837,837,0.0,1,0,1178,1178,1178,0.411,Trẻ 3 ngày sau sinh có dung tích dạ dày mỗi lần bú khoảng bao nhiêu?,RAG,False,dung tích dạ dày | 3 ngày,(22 OR 27 OR ml),
stomach_capacity,Dung tích dạ dày trẻ sơ sinh ngày thứ ba,KB1 câu 31--33.,summary_only,summary_only,Còn ở mốc đó thì mỗi lần bú dạ dày của bé chứa khoảng bao nhiêu?,10,1,837,195,76.7,2,574,975,1549,574 | 975,0.875,Mỗi lần bú dạ dày của bé 3 ngày sau sinh chứa khoảng bao nhiêu ml?,RAG,True,dạ dày | 3 ngày | ml,,
stomach_capacity,Dung tích dạ dày trẻ sơ sinh ngày thứ ba,KB1 câu 31--33.,acm,light_summary,Còn ở mốc đó thì mỗi lần bú dạ dày của bé chứa khoảng bao nhiêu?,10,10,837,837,0.0,1,0,1178,1178,1178,0.484,Trẻ 3 ngày sau sinh có dung tích dạ dày mỗi lần bú khoảng bao nhiêu?,RAG,False,dung tích dạ dày | 3 ngày,(22 OR 27 OR ml),
effective_breastfeeding,Dấu hiệu ngậm bắt vú đúng ở trẻ 1 tháng,"KB1 câu 14--15, 39 và 71.",no_memory,none,Còn dấu hiệu nào cho thấy bé thực hiện đúng cách đó?,10,0,823,0,100.0,1,0,886,886,886,0.811,Dấu hiệu nào cho thấy trẻ thực hiện đúng cách khi ăn uống?,RAG,False,,(bú mẹ OR ngậm bắt vú OR bú hiệu quả) | (1 tháng OR trẻ 1 tháng) | (miệng OR quầng vú OR môi dưới),
effective_breastfeeding,Dấu hiệu ngậm bắt vú đúng ở trẻ 1 tháng,"KB1 câu 14--15, 39 và 71.",fixed_window,last_6_messages,Còn dấu hiệu nào cho thấy bé thực hiện đúng cách đó?,10,6,823,516,37.3,1,0,1060,1060,1060,0.627,Dấu hiệu nào cho thấy trẻ 6 tháng tuổi đang thực hiện đúng kỹ thuật khám phá thế giới xung quanh thông qua các giác quan?,RAG,False,,(bú mẹ OR ngậm bắt vú OR bú hiệu quả) | (1 tháng OR trẻ 1 tháng) | (miệng OR quầng vú OR môi dưới),
effective_breastfeeding,Dấu hiệu ngậm bắt vú đúng ở trẻ 1 tháng,"KB1 câu 14--15, 39 và 71.",full_history,full,Còn dấu hiệu nào cho thấy bé thực hiện đúng cách đó?,10,10,823,823,0.0,1,0,1170,1170,1170,0.463,Dấu hiệu nào cho thấy bé 1 tháng tuổi đang ngậm bắt vú và bú hiệu quả?,RAG,False,ngậm bắt vú | 1 tháng,(miệng OR quầng vú OR môi dưới),
effective_breastfeeding,Dấu hiệu ngậm bắt vú đúng ở trẻ 1 tháng,"KB1 câu 14--15, 39 và 71.",summary_only,summary_only,Còn dấu hiệu nào cho thấy bé thực hiện đúng cách đó?,10,1,823,244,70.35,2,578,979,1557,578 | 979,11.415,Dấu hiệu nào cho thấy trẻ 1 tháng tuổi bú mẹ đúng cách và thực hiện hiệu quả?,RAG,False,bú mẹ | 1 tháng,(miệng OR quầng vú OR môi dưới),
effective_breastfeeding,Dấu hiệu ngậm bắt vú đúng ở trẻ 1 tháng,"KB1 câu 14--15, 39 và 71.",acm,light_summary,Còn dấu hiệu nào cho thấy bé thực hiện đúng cách đó?,10,10,823,823,0.0,1,0,1170,1170,1170,10.629,Dấu hiệu nào cho thấy bé 1 tháng tuổi đang ngậm bắt vú và bú hiệu quả?,RAG,False,ngậm bắt vú | 1 tháng,(miệng OR quầng vú OR môi dưới),
child_constipation,Điều chỉnh ăn uống khi trẻ 3 tuổi táo bón,KB1 câu 190.,no_memory,none,Còn nhóm thực phẩm đó nên tăng cho bé để cải thiện tình trạng gì?,10,0,882,0,100.0,1,0,889,889,889,0.47,Nhóm thực phẩm nào nên được tăng cường cho trẻ để cải thiện tình trạng sức khỏe của chúng?,RAG,False,,(táo bón) | (3 tuổi OR trẻ 3 tuổi) | (chất xơ OR rau xanh OR trái cây),
child_constipation,Điều chỉnh ăn uống khi trẻ 3 tuổi táo bón,KB1 câu 190.,fixed_window,last_6_messages,Còn nhóm thực phẩm đó nên tăng cho bé để cải thiện tình trạng gì?,10,6,882,552,37.41,1,0,1070,1070,1070,0.443,Nhóm thực phẩm đã được khuyên dùng cho trẻ 6 tháng tuổi nên tăng cho bé để cải thiện tình trạng sức khỏe và phát triển.,RAG,False,,(táo bón) | (3 tuổi OR trẻ 3 tuổi) | (chất xơ OR rau xanh OR trái cây),
child_constipation,Điều chỉnh ăn uống khi trẻ 3 tuổi táo bón,KB1 câu 190.,full_history,full,Còn nhóm thực phẩm đó nên tăng cho bé để cải thiện tình trạng gì?,10,10,882,882,0.0,1,0,1174,1174,1174,5.701,"Nhóm thực phẩm giàu chất xơ như rau xanh, đu đủ hoặc mận nên được tăng cường cho trẻ 3 tuổi để cải thiện tình trạng táo bón và đi ngoài khó khăn.",RAG,True,táo bón | 3 tuổi | chất xơ,,
child_constipation,Điều chỉnh ăn uống khi trẻ 3 tuổi táo bón,KB1 câu 190.,summary_only,summary_only,Còn nhóm thực phẩm đó nên tăng cho bé để cải thiện tình trạng gì?,10,1,882,309,64.97,2,574,993,1567,574 | 993,0.999,Nhóm thực phẩm giàu chất xơ nên được tăng cường cho trẻ 3 tuổi để cải thiện tình trạng táo bón và đi ngoài khó khăn.,RAG,True,táo bón | 3 tuổi | chất xơ,,
child_constipation,Điều chỉnh ăn uống khi trẻ 3 tuổi táo bón,KB1 câu 190.,acm,light_summary,Còn nhóm thực phẩm đó nên tăng cho bé để cải thiện tình trạng gì?,10,10,882,882,0.0,1,0,1174,1174,1174,0.452,"Nhóm thực phẩm giàu chất xơ như rau xanh, đu đủ hoặc mận nên được tăng cường cho trẻ 3 tuổi để cải thiện tình trạng táo bón và đi ngoài khó khăn.",RAG,True,táo bón | 3 tuổi | chất xơ,,
newborn_jaundice,Phân biệt vàng da sinh lý và bệnh lý ở trẻ 5 ngày tuổi,KB1 câu 153.,no_memory,none,Còn loại đó có những dấu hiệu nào cho thấy bé cần đi khám?,10,0,884,0,100.0,1,0,888,888,888,0.398,Dấu hiệu nào cho thấy trẻ cần đi khám và làm gì khi nhận thấy những dấu hiệu đó?,RAG,False,đi khám,(vàng da bệnh lý OR vàng da) | (5 ngày OR trẻ 5 ngày),
newborn_jaundice,Phân biệt vàng da sinh lý và bệnh lý ở trẻ 5 ngày tuổi,KB1 câu 153.,fixed_window,last_6_messages,Còn loại đó có những dấu hiệu nào cho thấy bé cần đi khám?,10,6,884,527,40.38,1,0,1064,1064,1064,0.46,"Trẻ 6 tháng tuổi có những dấu hiệu nào cho thấy cần đi khám sức khỏe định kỳ để theo dõi cân nặng, chiều cao, các mốc phát triển tâm vận động và nhận tư vấn về dinh dưỡng, tiêm chủng?",RAG,False,đi khám,(vàng da bệnh lý OR vàng da) | (5 ngày OR trẻ 5 ngày),
newborn_jaundice,Phân biệt vàng da sinh lý và bệnh lý ở trẻ 5 ngày tuổi,KB1 câu 153.,full_history,full,Còn loại đó có những dấu hiệu nào cho thấy bé cần đi khám?,10,10,884,884,0.0,1,0,1183,1183,1183,0.556,"Dấu hiệu vàng da xuất hiện sớm trong 1 đến 2 ngày đầu, lan rộng, kéo dài hoặc kèm bỏ bú, nôn, sốt, khóc nhiều hay phân bạc màu cần được khám cho trẻ 5 ngày tuổi.",RAG,True,vàng da | 5 ngày | xuất hiện sớm,,
newborn_jaundice,Phân biệt vàng da sinh lý và bệnh lý ở trẻ 5 ngày tuổi,KB1 câu 153.,summary_only,summary_only,Còn loại đó có những dấu hiệu nào cho thấy bé cần đi khám?,10,1,884,275,68.89,2,585,986,1571,585 | 986,0.931,Dấu hiệu vàng da bệnh lý ở trẻ 5 ngày tuổi bao gồm gì và khi nào cần đi khám?,RAG,True,vàng da bệnh lý | 5 ngày | đi khám,,
newborn_jaundice,Phân biệt vàng da sinh lý và bệnh lý ở trẻ 5 ngày tuổi,KB1 câu 153.,acm,light_summary,Còn loại đó có những dấu hiệu nào cho thấy bé cần đi khám?,10,10,884,884,0.0,1,0,1183,1183,1183,0.466,"Dấu hiệu vàng da xuất hiện sớm trong 1 đến 2 ngày đầu, lan rộng, kéo dài hoặc kèm bỏ bú, nôn, sốt, khóc nhiều hay phân bạc màu cần được khám cho trẻ 5 ngày tuổi.",RAG,True,vàng da | 5 ngày | xuất hiện sớm,,
child_fever,Ngưỡng sốt và dấu hiệu nguy hiểm ở trẻ 18 tháng,KB1 câu 10 và 185.,no_memory,none,Còn mức nhiệt đó kèm biểu hiện nào thì phải đưa bé đi khám?,10,0,774,0,100.0,1,0,888,888,888,0.562,"Bé cần được đưa đi khám khi xuất hiện các biểu hiện bất thường kèm theo mức nhiệt cao, bao gồm cả sốt và các triệu chứng khác như nôn mửa, tiêu chảy, hoặc khó thở.",RAG,False,sốt | khó thở,(18 tháng OR trẻ 18 tháng),
child_fever,Ngưỡng sốt và dấu hiệu nguy hiểm ở trẻ 18 tháng,KB1 câu 10 và 185.,fixed_window,last_6_messages,Còn mức nhiệt đó kèm biểu hiện nào thì phải đưa bé đi khám?,10,6,774,522,32.56,1,0,1065,1065,1065,0.457,Khi nào thì cần đưa trẻ đi khám sức khỏe định kỳ nếu bé vẫn đang khỏe mạnh và có biểu hiện sốt kèm mức nhiệt cụ thể?,RAG,False,sốt | đi khám,(18 tháng OR trẻ 18 tháng),
child_fever,Ngưỡng sốt và dấu hiệu nguy hiểm ở trẻ 18 tháng,KB1 câu 10 và 185.,full_history,full,Còn mức nhiệt đó kèm biểu hiện nào thì phải đưa bé đi khám?,10,10,774,774,0.0,1,0,1164,1164,1164,0.439,"Khi nào thì cần đưa bé 18 tháng tuổi đi khám khi sốt kèm các biểu hiện nguy hiểm như li bì, khó thở, co giật hoặc sốt cao không hạ?",RAG,True,sốt | 18 tháng | li bì,,
child_fever,Ngưỡng sốt và dấu hiệu nguy hiểm ở trẻ 18 tháng,KB1 câu 10 và 185.,summary_only,summary_only,Còn mức nhiệt đó kèm biểu hiện nào thì phải đưa bé đi khám?,10,1,774,259,66.54,2,566,981,1547,566 | 981,0.94,Mức nhiệt độ sốt nào kèm theo biểu hiện nào thì phải đưa trẻ 18 tháng tuổi đi khám sức khỏe?,RAG,True,sốt | 18 tháng | đi khám,,
child_fever,Ngưỡng sốt và dấu hiệu nguy hiểm ở trẻ 18 tháng,KB1 câu 10 và 185.,acm,keep_all,Còn mức nhiệt đó kèm biểu hiện nào thì phải đưa bé đi khám?,10,10,774,774,0.0,1,0,1164,1164,1164,0.489,"Khi nào thì cần đưa trẻ 18 tháng tuổi đi khám khi sốt kèm các biểu hiện nguy hiểm như li bì, khó thở, co giật hoặc sốt cao không hạ?",RAG,True,sốt | 18 tháng | li bì,,
postpartum_urinary_retention,Xử trí bí tiểu sau sinh,KB1 câu 104--108.,no_memory,none,Còn biện pháp đó được dùng để hỗ trợ tình trạng nào sau sinh?,10,0,842,0,100.0,1,0,888,888,888,0.487,Biện pháp hỗ trợ tình trạng nào sau sinh?,RAG,False,sau sinh,(bí tiểu OR tiểu tồn lưu) | (vận động sớm OR 3 giờ OR tập tiểu),
postpartum_urinary_retention,Xử trí bí tiểu sau sinh,KB1 câu 104--108.,fixed_window,last_6_messages,Còn biện pháp đó được dùng để hỗ trợ tình trạng nào sau sinh?,10,6,842,542,35.63,1,0,1068,1068,1068,0.399,Biện pháp hỗ trợ sau sinh được dùng để hỗ trợ tình trạng nào sau sinh?,RAG,False,sau sinh,(bí tiểu OR tiểu tồn lưu) | (vận động sớm OR 3 giờ OR tập tiểu),
postpartum_urinary_retention,Xử trí bí tiểu sau sinh,KB1 câu 104--108.,full_history,full,Còn biện pháp đó được dùng để hỗ trợ tình trạng nào sau sinh?,10,10,842,842,0.0,1,0,1163,1163,1163,0.524,Còn biện pháp vận động sớm và tập đi tiểu mỗi 3 giờ một lần được dùng để hỗ trợ tình trạng tiểu tồn lưu hoặc bí tiểu sau sinh.,RAG,True,bí tiểu | sau sinh | vận động sớm,,
postpartum_urinary_retention,Xử trí bí tiểu sau sinh,KB1 câu 104--108.,summary_only,summary_only,Còn biện pháp đó được dùng để hỗ trợ tình trạng nào sau sinh?,10,1,842,252,70.07,2,564,977,1541,564 | 977,7.08,Biện pháp hỗ trợ vận động sớm và tập đi tiểu mỗi 3 giờ một lần được dùng để hỗ trợ tình trạng tiểu tồn lưu hoặc bí tiểu sau sinh.,RAG,True,bí tiểu | sau sinh | vận động sớm,,
postpartum_urinary_retention,Xử trí bí tiểu sau sinh,KB1 câu 104--108.,acm,light_summary,Còn biện pháp đó được dùng để hỗ trợ tình trạng nào sau sinh?,10,10,842,842,0.0,1,0,1163,1163,1163,0.513,Còn biện pháp vận động sớm và tập đi tiểu mỗi 3 giờ một lần được dùng để hỗ trợ tình trạng tiểu tồn lưu hoặc bí tiểu sau sinh.,RAG,True,bí tiểu | sau sinh | vận động sớm,,
