profile,alpha,table_bonus,n,hit_rate_at_5,mrr_at_5
exact_lexical,0.2,0.0,41,0.34146341463414637,0.2792682926829268
exact_lexical,0.3,0.0,41,0.3170731707317073,0.27439024390243905
exact_lexical,0.4,0.0,41,0.3170731707317073,0.224390243902439
exact_lexical,0.5,0.0,41,0.2926829268292683,0.21951219512195122
exact_lexical,0.6,0.0,41,0.2926829268292683,0.1971544715447154
exact_lexical,0.7,0.0,41,0.2926829268292683,0.18170731707317073
noisy_conversational,0.2,0.0,60,0.4166666666666667,0.3625
noisy_conversational,0.3,0.0,60,0.4166666666666667,0.36666666666666664
noisy_conversational,0.4,0.0,60,0.4166666666666667,0.3630555555555556
noisy_conversational,0.5,0.0,60,0.4,0.3513888888888889
noisy_conversational,0.6,0.0,60,0.4,0.33472222222222225
noisy_conversational,0.7,0.0,60,0.4,0.3138888888888889
quantitative,0.2,0.0,60,0.5833333333333334,0.4386111111111111
quantitative,0.2,0.05,60,0.5833333333333334,0.4363888888888889
quantitative,0.2,0.08,60,0.5833333333333334,0.43916666666666665
quantitative,0.2,0.1,60,0.5833333333333334,0.43916666666666665
quantitative,0.3,0.0,60,0.6166666666666667,0.4488888888888889
quantitative,0.3,0.05,60,0.6166666666666667,0.44805555555555554
quantitative,0.3,0.08,60,0.6333333333333333,0.4513888888888889
quantitative,0.3,0.1,60,0.6166666666666667,0.44805555555555554
quantitative,0.4,0.0,60,0.6333333333333333,0.4533333333333333
quantitative,0.4,0.05,60,0.6333333333333333,0.4552777777777778
quantitative,0.4,0.08,60,0.6166666666666667,0.45472222222222225
quantitative,0.4,0.1,60,0.6,0.45972222222222225
quantitative,0.5,0.0,60,0.6166666666666667,0.44111111111111106
quantitative,0.5,0.05,60,0.6166666666666667,0.4347222222222222
quantitative,0.5,0.08,60,0.6166666666666667,0.4347222222222222
quantitative,0.5,0.1,60,0.6,0.43972222222222224
quantitative,0.6,0.0,60,0.6166666666666667,0.4386111111111111
quantitative,0.6,0.05,60,0.6166666666666667,0.4386111111111111
quantitative,0.6,0.08,60,0.6,0.43444444444444447
quantitative,0.6,0.1,60,0.6,0.43083333333333335
quantitative,0.7,0.0,60,0.6166666666666667,0.4052777777777778
quantitative,0.7,0.05,60,0.6,0.40472222222222226
quantitative,0.7,0.08,60,0.5833333333333334,0.39861111111111114
quantitative,0.7,0.1,60,0.5833333333333334,0.39861111111111114
semantic,0.2,0.0,51,0.29411764705882354,0.2565359477124183
semantic,0.3,0.0,51,0.29411764705882354,0.25980392156862747
semantic,0.4,0.0,51,0.29411764705882354,0.25980392156862747
semantic,0.5,0.0,51,0.29411764705882354,0.2418300653594771
semantic,0.6,0.0,51,0.29411764705882354,0.21241830065359474
semantic,0.7,0.0,51,0.29411764705882354,0.19934640522875816
