scenario,turn,question,note,expected_context,elapsed_s,docs_found,context_ok,context_reason,skip_eval,error_413,history_lines,answer_preview
A (Nhắc tuổi rõ),1,"Bé nhà tôi 6 tháng tuổi, hay quấy khóc vào ban đêm.",Thiết lập ngữ cảnh,6 tháng,23.261,5,True,Khớp: 6 tháng,False,False,2,"Trẻ 6 tháng tuổi cần ngủ đủ giấc để đảm bảo sức khỏe và sự phát triển toàn diện. Tuy nhiên, chế độ giấc ngủ của trẻ 6 tháng tuổi có thể bị ảnh hưởng bởi nhiều yếu tố, bao gồm cả chế độ ăn uống, vận độ"
A (Nhắc tuổi rõ),2,Bé 6 tháng nhà tôi có nên ăn dặm chưa?,Nhắc tuổi rõ,6 tháng,5.739,5,True,Khớp: 6 tháng,False,False,4,"Trẻ 6 tháng tuổi có nên ăn dặm chưa và chế độ ăn uống như thế nào để đảm bảo sức khỏe và sự phát triển toàn diện?

Trẻ 6 tháng tuổi cần được ăn dặm bổ sung ngoài nguồn sữa mẹ vì lúc này nhu cầu dinh d"
A (Nhắc tuổi rõ),3,Bé 6 tháng nên bắt đầu ăn dặm bằng món gì?,Nhắc tuổi rõ,6 tháng,6.812,5,True,Khớp: 6 tháng,False,False,6,"Trẻ 6 tháng tuổi nên bắt đầu ăn dặm bằng bột loãng và tăng dần độ đặc lên. Mẹ nên cho trẻ ăn 1 bữa/ngày, sau đó tăng lên 2 bữa/ngày và thêm bữa phụ như hoa quả, sữa chua, váng sữa...

Trẻ từ 6 - 8 thá"
A (Nhắc tuổi rõ),4,Lịch tiêm chủng cho bé 6 tháng tuổi là gì?,Nhắc tuổi rõ,6 tháng,32.318,5,True,Khớp: 6 tháng,False,False,8,MomCare chưa tìm thấy thông tin về lịch tiêm chủng cho trẻ 6 tháng tuổi.
A (Nhắc tuổi rõ),5,Bé 6 tháng cần bổ sung vitamin gì?,Nhắc tuổi rõ,6 tháng,70.058,5,True,Khớp: 6 tháng,False,False,10,"Trẻ em 6 tháng tuổi cần bổ sung vitamin D vì sữa mẹ không đáp ứng đủ nhu cầu phát triển của trẻ. Hàm lượng vitamin D trong sữa mẹ là rất thấp (544pg/mL, cung cấp khoảng 15UI/ngày) và không đáp ứng đủ "
A (Nhắc tuổi rõ),6,Cân nặng chuẩn của bé 6 tháng tuổi là bao nhiêu?,Nhắc tuổi rõ,6 tháng,4.508,5,True,Khớp: 6 tháng,False,False,12,Cân nặng chuẩn của trẻ 6 tháng tuổi không được đề cập trong tài liệu.
A (Nhắc tuổi rõ),7,Bé 6 tháng ngủ bao nhiêu tiếng một ngày?,Nhắc tuổi rõ,6 tháng,17.718,5,True,Khớp: 6 tháng,False,False,14,Trẻ 6 tháng tuổi ngủ khoảng 14 đến 17 giờ trong một ngày với thời gian mỗi giấc từ hai đến bốn giờ.
A (Nhắc tuổi rõ),8,Bé 6 tháng bắt đầu mọc răng chưa?,Nhắc tuổi rõ,6 tháng,23.085,5,False,Không có từ khóa đặc thù 6 tháng,False,False,16,MomCare chưa tìm thấy thông tin này.
A (Nhắc tuổi rõ),9,Bé 6 tháng hay chảy nước dãi nhiều có bình thường không?,Nhắc tuổi rõ,6 tháng,38.806,5,True,Khớp: 6 tháng,False,False,18,"Trẻ 6 tháng tuổi không cần uống nước ngoài sữa mẹ. Sữa mẹ chứa hơn 80% là nước, đủ để đáp ứng nhu cầu nước của trẻ. Cho trẻ uống nước ngoài sữa mẹ có thể gây ra nhiều vấn đề, bao gồm tiêu chảy, suy di"
A (Nhắc tuổi rõ),10,Bé 6 tháng tập lật như thế nào?,Nhắc tuổi rõ,6 tháng,5.164,5,True,Khớp: 6 tháng,False,False,20,"Trẻ 6 tháng tuổi vẫn chưa biết lật bằng cách tự lăn lộn. Tuy nhiên, tốt nhất bạn nên giữ tay và hỗ trợ em bé trong quá trình hoạt động này ngay từ đầu. Bạn nên chú ý, không để trẻ trên giường khi khôn"
A (Nhắc tuổi rõ),11,Bé 6 tháng bị sốt sau tiêm thì làm sao?,Nhắc tuổi + chủ đề mới,6 tháng,5.51,5,False,Không có từ khóa đặc thù 6 tháng,False,False,22,"NGUY HIỂM: Hành động này CÓ THỂ GÂY HẠI TRỰC TIẾP. Tuyệt đối không tự ý hạ sốt cho trẻ. Mẹ cần đưa trẻ đến cơ sở y tế ngay lập tức.

Theo tài liệu, nếu trẻ bị sốt, mẹ cần đo nhiệt độ cho trẻ để xác đị"
A (Nhắc tuổi rõ),12,Chiều cao chuẩn của bé 6 tháng là bao nhiêu?,Nhắc tuổi rõ,6 tháng,0.0,0,False,Không có từ khóa đặc thù 6 tháng,False,False,24,"Xin lỗi, dựa trên nội dung trò chuyện, MomCare nhận thấy có thể có yêu cầu cần được bác sĩ đánh giá trực tiếp. Mẹ nên đưa bé đến cơ sở y tế để được thăm khám trực tiếp."
A (Nhắc tuổi rõ),13,Bé 6 tháng tắm mấy lần một tuần?,Nhắc tuổi rõ,6 tháng,82.248,5,True,Khớp: 6 tháng,False,False,26,Trẻ 6 tháng tuổi nên được tắm 2-3 lần một tuần.
A (Nhắc tuổi rõ),14,Bé 6 tháng biết ngồi chưa?,Nhắc tuổi rõ,6 tháng,5.865,5,True,Khớp: 6 tháng,False,False,28,"Trẻ 6 tháng tuổi đã có khả năng ngồi với sự hỗ trợ của người trông bé. Tuy nhiên, việc giữ tay và hỗ trợ em bé trong quá trình hoạt động này là rất quan trọng. Cha mẹ nên chú ý, không để trẻ trên giườ"
A (Nhắc tuổi rõ),15,Chế độ bú sữa của bé 6 tháng là mấy lần một ngày?,Nhắc tuổi rõ,6 tháng,4.516,5,False,Không có từ khóa đặc thù 6 tháng,False,False,30,"Câu trả lời được tìm thấy trong tài liệu có ID ""1"".

Các mẹ hãy cho trẻ bú bất cứ khi nào trẻ đòi bú (cả ban ngày và ban đêm). Thông thường mỗi cử bú của trẻ sẽ kéo dài từ 10 đến 15 phút. Tuy nhiên mộ"
A (Nhắc tuổi rõ),16,Bé 6 tháng có cần uống thêm nước không?,Nhắc tuổi rõ,6 tháng,18.066,5,False,Không có từ khóa đặc thù 6 tháng,False,False,32,"Xin lỗi, MomCare chưa tìm thấy thông tin này."
A (Nhắc tuổi rõ),17,Bé 6 tháng ngủ trưa mấy tiếng là đủ?,Nhắc tuổi rõ,6 tháng,9.466,5,True,Khớp: 6 tháng,False,False,34,Trẻ 6 tháng tuổi ngủ khoảng 14 đến 17 giờ trong một ngày với thời gian mỗi giấc từ hai đến bốn giờ.
A (Nhắc tuổi rõ),18,Bé 6 tháng nhận biết mặt người thân chưa?,Nhắc tuổi rõ,6 tháng,17.482,5,False,Sai tuổi: 5 tháng,False,False,36,"Chào bạn! Con bạn 6,5 tháng ở tuổi này về mặt tâm sinh lí theo sự phát triển ngôn ngữ tiếp nhận thì con bạn có thể thực hiện được một vài yêu cầu đơn giản có kèm động tác minh hoạ của người yêu cầu. N"
A (Nhắc tuổi rõ),19,Bé 6 tháng có thể cho nghe nhạc không?,Nhắc tuổi rõ,6 tháng,11.575,5,True,Khớp: 6 tháng,False,False,38,"Xin lỗi, MomCare chưa tìm thấy thông tin liên quan đến chế độ nghe nhạc của trẻ 6 tháng tuổi."
A (Nhắc tuổi rõ),20,Tổng kết lại những mốc phát triển quan trọng của bé 6 tháng tuổi.,Tổng kết - nhắc tuổi,6 tháng,7.3,5,True,Khớp: 6 tháng,False,False,40,"Trẻ 6 tháng tuổi đã đạt được nhiều mốc phát triển quan trọng. Dưới đây là một số mốc phát triển quan trọng của trẻ 6 tháng tuổi:

- Trẻ đã biết lật người từ sau ra trước, mặc dù có thể mất khoảng 5 ho"
"B (Mơ hồ, lạc đề)",1,"Bé nhà tôi 6 tháng tuổi, hay quấy khóc vào ban đêm.",Thiết lập ngữ cảnh,6 tháng,4.732,5,True,Khớp: 6 tháng,False,False,2,"Trẻ 6 tháng tuổi cần ngủ từ 14-17 giờ mỗi ngày, được chia thành 2-3 lần ngủ trong ngày. Tuy nhiên, không có thông tin cụ thể về chế độ giấc ngủ của trẻ 6 tháng tuổi trong tài liệu.

Tuy nhiên, tài liệ"
"B (Mơ hồ, lạc đề)",2,Nên ăn gì?,Câu cực ngắn - mơ hồ,6 tháng,14.716,5,True,Khớp: 6 tháng,False,False,4,"Bắt đầu cho trẻ ăn bổ sung (ăn sam, ăn dặm) tốt nhất từ 6 tháng tuổi và tiếp tục cho bé bú mẹ đến 2 tuổi hoặc lâu hơn. Bạn có thể bắt đầu cho trẻ ăn các thức ăn mềm và giàu dinh dưỡng như bột ngũ cốc "
"B (Mơ hồ, lạc đề)",3,Bao nhiêu lần?,Câu cực ngắn - cực kỳ mơ hồ,6 tháng,0.593,0,False,Không có từ khóa đặc thù 6 tháng,False,False,6,Xin chào mẹ yêu! Đây là lần thứ 1 chúng tôi trò chuyện với mẹ. Chúng tôi rất hân hạnh được chăm sóc và hỗ trợ mẹ trong mọi vấn đề liên quan đến sức khỏe và chăm sóc con cái. Hãy cho chúng tôi biết mẹ 
"B (Mơ hồ, lạc đề)",4,Vitamin gì?,Câu 2 từ - tối mơ hồ,6 tháng,7.674,5,True,Khớp: 6 tháng,False,False,8,"Vitamin D là một loại vitamin quan trọng cho sự phát triển của trẻ em, đặc biệt là trẻ bú mẹ hoàn toàn trong 6 tháng đầu. Sữa mẹ chứa rất ít vitamin D, chỉ khoảng 544pg/mL, cung cấp khoảng 15UI/ngày, "
"B (Mơ hồ, lạc đề)",5,"Mẹ chồng bảo cho uống mật ong, được không?",Không rõ bé hay người lớn,6 tháng,5.275,5,False,Không có từ khóa đặc thù 6 tháng,False,False,10,"Xin lỗi, MomCare không thể hỗ trợ yêu cầu này. Mẹ nên đưa bé đến cơ sở y tế."
"B (Mơ hồ, lạc đề)",6,Giá sữa bây giờ bao nhiêu?,Lạc chủ đề hoàn toàn,6 tháng,8.457,5,,Bỏ qua khi tính tỷ lệ (câu nhiễu ngoài mục tiêu),True,False,12,MomCare chưa tìm thấy thông tin về giá sữa cho trẻ sơ sinh và trẻ nhỏ trong tài liệu tham khảo.
"B (Mơ hồ, lạc đề)",7,Nặng bao nhiêu là đạt?,Câu ngắn sau lạc đề,6 tháng,0.643,0,False,Không có từ khóa đặc thù 6 tháng,False,False,14,"Chào mẹ yêu!

Nặng bao nhiêu là đạt thường phụ thuộc vào từng giai đoạn thai kỳ và thể trạng của mẹ. Tuy nhiên, thông thường, trọng lượng cơ thể của mẹ trong thai kỳ nên tăng từ 10-15 kg.

Dưới đây là"
"B (Mơ hồ, lạc đề)",8,Còn vaccine?,Câu 2 từ mơ hồ,6 tháng,7.723,5,False,Sai tuổi: 2 tháng,False,False,16,"Tiêm phòng vaccine đầy đủ theo lịch tiêm chủng là một phương pháp phòng bệnh hiệu quả nhất. Vắc-xin ho gà được bao gồm trong các mũi tiêm DtaP (bạch hầu, ho gà, uốn ván) cho trẻ em, bắt đầu từ 2 tháng"
"B (Mơ hồ, lạc đề)",9,Tôi hay quên lắm.,Câu cảm xúc cá nhân - không liên quan,6 tháng,18.222,5,,Bỏ qua khi tính tỷ lệ (câu nhiễu ngoài mục tiêu),True,False,18,"Xin lỗi, MomCare chưa tìm thấy thông tin liên quan đến việc giúp người dùng nhớ thuốc."
"B (Mơ hồ, lạc đề)",10,Nhắc lại đi.,Câu không rõ nhắc cái gì,6 tháng,0.398,0,False,Không có từ khóa đặc thù 6 tháng,False,False,20,"Xin lỗi, câu hỏi này nằm ngoài phạm vi hỗ trợ của MomCare. Hệ thống tập trung cung cấp thông tin tham khảo về chăm sóc mẹ và bé."
"B (Mơ hồ, lạc đề)",11,"Chồng nói trông gầy, bình thường không?",Không rõ ai gầy,6 tháng,4.3,5,False,Không có từ khóa đặc thù 6 tháng,False,False,22,"Không, tài liệu không đề cập đến việc chồng của mẹ trông gầy, bình thường không."
"B (Mơ hồ, lạc đề)",12,Sao?,Câu 1 từ - tối mơ hồ,6 tháng,0.933,0,False,Không có từ khóa đặc thù 6 tháng,False,False,24,"Tôi xin lỗi vì câu hỏi của bạn không rõ ràng. Để tôi có thể giúp đỡ bạn tốt hơn, vui lòng cho tôi biết bạn đang cần thông tin hoặc hỗ trợ về vấn đề gì liên quan đến chăm sóc mẹ và bé. Bạn có thể cho t"
"B (Mơ hồ, lạc đề)",13,Mẹ tôi bảo kiêng tắm cả tháng sau sinh.,Chuyển hẳn sang chủ đề mẹ,mẹ,4.276,5,True,Khớp mẹ: sau sinh,False,False,26,"Theo tài liệu, sau sinh, mẹ nên dành nhiều thời gian để nghỉ ngơi, thư giãn và tránh nắng nóng hoặc gió lạnh. Tuyệt đối mùa đông không sưởi ấm bằng than đá hay than tổ ong đốt vì khí CO2 trong than sẽ"
"B (Mơ hồ, lạc đề)",14,Đúng không?,Câu nối tiếp chủ đề mẹ sau sinh,mẹ,6.795,5,False,Không có từ khóa mẹ,False,False,28,"Xin lỗi, MomCare chưa tìm thấy thông tin này."
"B (Mơ hồ, lạc đề)",15,Tiếp tục đi.,Câu không có nội dung,6 tháng,7.245,5,False,Không có từ khóa đặc thù 6 tháng,False,False,30,"Xin lỗi, MomCare chưa tìm thấy thông tin này."
"B (Mơ hồ, lạc đề)",16,Còn gì nữa không?,Câu không có nội dung,6 tháng,34.022,5,True,Khớp: 6 tháng,False,False,32,Trẻ 6 tháng tuổi nên được bú sữa mẹ hoàn toàn để bổ sung canxi.
"B (Mơ hồ, lạc đề)",17,Nước xả vải được không?,Lạc chủ đề - đồ dùng,6 tháng,0.421,0,,Bỏ qua khi tính tỷ lệ (câu nhiễu ngoài mục tiêu),True,False,34,"Xin lỗi, câu hỏi này nằm ngoài phạm vi hỗ trợ của MomCare. Hệ thống tập trung cung cấp thông tin tham khảo về chăm sóc mẹ và bé."
"B (Mơ hồ, lạc đề)",18,Bao giờ đi khám?,Mơ hồ - khám gì?,6 tháng,43.776,5,True,Khớp: 6 tháng,False,False,36,"Trẻ 6 tháng tuổi cần đi khám để được kiểm tra và tư vấn về sức khỏe. Tuy nhiên, tài liệu không đề cập cụ thể về việc khám sức khỏe cho trẻ 6 tháng tuổi. Nhưng có một số thông tin liên quan:

- Trẻ dướ"
"B (Mơ hồ, lạc đề)",19,Mấy tháng rồi nhỉ?,Câu mơ hồ - mấy tháng?,6 tháng,0.451,0,False,Không có từ khóa đặc thù 6 tháng,False,False,38,"Xin lỗi, câu hỏi này nằm ngoài phạm vi hỗ trợ của MomCare. Hệ thống tập trung cung cấp thông tin tham khảo về chăm sóc mẹ và bé."
"B (Mơ hồ, lạc đề)",20,Tổng kết lại cho tôi với.,Tổng kết - không nhắc tuổi,6 tháng,4.837,5,True,Khớp: 6 tháng,False,False,40,"Theo tài liệu, chế độ chăm sóc sức khỏe cho trẻ 6 tháng tuổi bao gồm:

- Tiếp tục cho bé bú sữa mẹ. Sữa mẹ vẫn là nguồn dinh dưỡng chính của bé.
- Khi bé 8-9 tháng tuổi, hãy cho bé thử tự ăn bằng việc"
