question,ground_truth
" Tại sao trẻ nhỏ lại dễ bị béo phì, có phải chủ yếu là do chế độ ăn uống hằng ngày k ạ","Nguyên nhân chính thường do sự mất cân bằng giữa năng lượng nạp vào và năng lượng tiêu hao, kết hợp với các yếu tố di truyền, thói quen ăn uống đồ ngọt, chất béo và ít vận động."
 Nếu con em bị béo phì từ nhỏ thì sau này lớn lên có dễ mắc các bệnh mạn tính nguy hiểm nào k,"Trẻ béo phì có nguy cơ cao đối mặt với các vấn đề sức khỏe nghiêm trọng như bệnh tim mạch, đái tháo đường týp 2, các vấn đề về xương khớp và cả rối loạn tâm lý."
 Em nên thay đổi thực đơn và thói quen sinh hoạt của bé nhà t ntn để giúp con kiểm soát cân nặng tốt hơn,"Bạn nên tăng cường rau xanh, trái cây, hạn chế đồ uống có đường và thức ăn nhanh; đồng thời khuyến khích trẻ tham gia các hoạt động thể chất và giảm thời gian xem tivi, điện thoại."
" Khi điều trị béo phì cho trẻ, gia đình có cần fải phối hợp cùng bác sĩ tâm lý k hay chỉ cần ăn kiêng là đủ","Việc điều trị cần sự phối hợp đa ngành bao gồm dinh dưỡng, vận động và hỗ trợ tâm lý để giúp trẻ thay đổi hành vi bền vững thay vì chỉ ép trẻ ăn kiêng khắt khe."
"Bé nhà em mới 3 tháng tuổi mà hai má cứ bị đỏ ửng, khô ráp rồi nổi mụn nước li ti, liệu có phải con bị viêm da cơ địa k","Những dấu hiệu như da đỏ, khô, xuất hiện mụn nước gây ngứa ngáy ở vùng má, trán là biểu hiện điển hình của viêm da cơ địa (chàm sữa) thường gặp ở trẻ từ 2 tháng tuổi."
"Khi chăm sóc bé bị viêm da cơ địa ở nhà, em cần lưu ý j về việc chọn sưa tắm và bôi kem dưỡng ẩm cho con","Bạn nên dùng sữa tắm dịu nhẹ không chứa xà phòng, đồng thời bôi kem dưỡng ẩm chuyên dụng cho bé ít nhất 2-3 lần/ngày ngay sau khi tắm để giữ độ ẩm cho da, giúp giảm ngứa và ngăn ngừa bùng phát."
" Bé nhà mình 21 tháng tuổi, cao 79cm và nặng 12kg nhưng em thấy chân tay con hơi ngắn, liệu con có nguy cơ bị bệnh lùn k","Với chỉ số cân nặng và chiều cao như trên là phù hợp với lứa tuổi; tuy nhiên nếu bạn lo lắng về tỉ lệ cơ thể như tay chân ngắn, bạn nên đưa bé đi khám chuyên khoa Nhi để bác sĩ kiểm tra cụ thể."
 Cho em hỏi việc trẻ chậm phát triển chiều cao là do ảnh hưởng từ lúc sinh (như ngộp ối) hay thường do đột biến gen,Chậm phát triển chiều cao có thể do nhiều nguyên nhân; việc xác định do yếu tố đột biến gen hay các tác động khác cần phải thông qua thăm khám lâm sàng và các xét nghiệm chuyên sâu từ bác sĩ giàu chuyên môn.
Thường thì trẻ mấy tháng tuổi sẽ bắt đầu biết lật từ tư thế nằm sấp sang nằm ngửa,Bé có thể tự đạp chân để lật từ tư thế nằm sấp sang nằm ngửa ngay từ khi được 4 tháng tuổi.
"Con em đã 6 tháng rùi mà vẫn chưa biết lật từ sau ra trước, liệu như vậy có phải là bé đang chậm phát triển k?","Thông thường bé mất khoảng 5 đến 6 tháng để biết lật từ sau ra trước vì cần cơ cổ và cánh tay khỏe hơn; nếu đến 6 tháng bé chưa lật được kèm theo chưa biết ngồi, bạn nên tham khảo ý kiến bác sĩ."
Em nên thực hiện những hoạt động nào để khuyến khích và hỗ trợ bé nhà t phát triển khả năng vận động lật lẫy tốt hơn,"Bạn nên khuyến khích các hoạt động vận động sớm và ở cạnh để hỗ trợ, đảm bảo an toàn cho trẻ khi trẻ bắt đầu tập lật, ngồi và bò."
Đối với các bé sinh non thì cột mốc biết lật có khác biệt j so với các bạn sinh đủ tháng k,Bạn nên nhớ rằng trẻ sinh non có thể đạt được cột mốc biết lật và các kỹ năng vận động khác muộn hơn so với các bạn cùng tuổi sinh đủ tháng.
Sau khi bé đã thành thạo kỹ năng lật thì cột mốc vận động quan trọng tiếp theo mà em nên mong đợi là j,"Sau khi tập lật để phát triển cơ chân, cổ và cánh tay, hầu hết trẻ sẽ học cách ngồi dậy (thường vào khoảng 6 đến 8 tháng) và sau đó là học bò."
"Bé nhà mình k hề tập bò mà chuyển từ ngồi sang tập đứng và đi luôn, liệu ""trốn bò"" như vậy có ảnh hưởng j đến sự phát triển của con k?","Mặc dù trốn bò không gây hại trực tiếp cho sức khỏe, nhưng về khía cạnh phát triển kỹ năng vận động, tư duy và nhận thức, việc bỏ qua giai đoạn này là hoàn toàn không có lợi cho cơ thể trẻ."
"Con em đã 10 tháng tuổi mà vẫn chưa thấy có dấu hiệu muốn trườn hay bò, khi nào thì tình trạng này cần fải đưa đi khám?","Nếu trẻ từ 7-10 tháng tuổi không thể nâng đỡ trọng lượng cơ thể hoặc không có năng lượng để di chuyển, bạn nên đưa bé đi khám vì có thể do trẻ có cơ trương lực thấp."
"Khi cho bé tập bò ở nhà, em cần fải sắp xếp không gian ntn để đảm bảo an toàn tuyệt đối cho con?","Bạn cần đảm bảo sàn nhà khô ráo, không trơn trượt, che chắn kỹ các ổ điện và tránh xa các khu vực nguy hiểm như cầu thang, bếp hoặc cửa ra vào."
Cho em hỏi nên chọn quần áo ntn cho bé trong giai đoạn tập bò để con dễ dàng vận động mà k bị đau đầu gối?,"Bạn nên cho trẻ mặc quần áo gọn gàng như áo body, áo thun; có thể cho trẻ mặc quần dài hoặc dùng tất lót đầu gối chuyên dụng để bảo vệ làn da của bé khi tiếp xúc với sàn."
"Ngoài việc tập luyện, em có cần bổ sung thêm dưỡng chất j để hỗ trợ hệ cơ xương và tiêu hóa giúp bé vận động nhanh nhẹn hơn k?","Bạn có thể bổ sung các vi khoáng chất thiết yếu như kẽm, lysine, crom, selen và vitamin nhóm B để hỗ trợ tiêu hóa, tăng hấp thu và giúp trẻ phát triển toàn diện hơn."
" Bé nhà t mới sinh đc vài tuần, em có thể chơi những trò j đơn giản để bắt đầu tương tác và gắn kết với con k?","Đối với trẻ từ 0-3 tháng, bạn có thể thực hiện những trò chơi đơn giản như lè lưỡi, làm mặt xấu hoặc bắt chước các biểu cảm của bé để bắt đầu tương tác."
"Em thấy bé con rất thích nhìn theo đồ vật, em nên chọn loại đồ chơi j để giúp con phát triển thị giác tốt hơn trong giai đoạn này?","Bạn nên sử dụng các đồ chơi có màu sắc tương phản mạnh (như đen và trắng) hoặc màu sáng, di chuyển chúng chậm rãi trước mặt để bé tập trung nhìn theo."
"Tại sao việc đọc sách hay trò chuyện với trẻ sơ sinh lại đc coi là 1 ""trò chơi"" giúp thúc đẩy sự phát triển trí não vậy?","Việc đọc và nói chuyện giúp trẻ làm quen với nhịp điệu ngôn ngữ, tăng cường khả năng nghe và tạo nền tảng cho sự phát triển nhận thức cũng như tình cảm sau này."
Làm sao để em nhận biết đc khi nào bé nhà mình đang rất hào hứng với trò chơi và khi nào thì con đã mệt và muốn dừng lại?,"Bé yêu thích trò chơi khi quay về phía bạn và mỉm cười; ngược lại, nếu bé cố gắng tránh né hoặc không nhìn về phía bạn, đó là lúc bạn nên thay đổi hoặc dừng trò chơi."
"Mỗi lần chơi với con, em nên duy trì trong bao lâu là phù hợp để bé k bị quá tải hay quấy khóc vì mệt?","Đôi khi trẻ có thể tận hưởng một trò chơi lâu tới 20 phút, nhưng thường thì bạn nên thay đổi hoặc điều chỉnh trò chơi sau mỗi 5 phút để phù hợp với sức tập trung của bé."
"Ngoài việc chơi đùa, em có cần bổ sung thêm dưỡng chất j để hỗ trợ bé có đủ năng lượng và sự tập trung khi tham gia các hoạt động này k?","Bạn có thể bổ sung các vi khoáng chất như kẽm, lysine, vitamin nhóm B... giúp trẻ ăn ngon, tiêu hóa tốt và có đủ dưỡng chất để phát triển toàn diện cả thể chất lẫn trí não."
"Bé nhà mình mới 11 tháng tuổi mà đi tiêu ra giun kim, em có nên tự mua thuốc tẩy giun về cho con uống ngay k?","Trẻ em chỉ nên bắt đầu tẩy giun định kỳ từ 2 tuổi trở lên; trường hợp trẻ dưới 2 tuổi nghi nhiễm giun, bạn cần đưa bé đi khám và làm xét nghiệm để bác sĩ chỉ định điều trị chính xác, không nên tự ý dùng thuốc."
"Bé nhà t 6 tháng tuổi đang tập ăn dặm mà bị tiêu chảy kéo dài, em có nên tiếp tục cho con ăn cháo cà rốt hay thay đổi chế độ ăn ntn?","Khi trẻ đang bị tiêu chảy kéo dài, bạn cần điều trị dứt điểm tình trạng rối loạn tiêu hóa trước; việc thay đổi chế độ dinh dưỡng đột ngột lúc này có thể khiến bệnh nặng thêm. Bạn nên đưa bé đi khám để được tư vấn cách chăm sóc phù hợp."
"Việc ""đánh giá sự phát triển của trẻ"" thực chất là kiểm tra những j và tại sao con em cần fải thực hiện?","Đây là một đánh giá có cấu trúc về cả thể chất, ngôn ngữ, trí tuệ và tình cảm của trẻ; giúp phát hiện sớm các dấu hiệu chậm phát triển để có kế hoạch chăm sóc và nuôi dạy phù hợp."
"Khi đưa con đi đánh giá sự phát triển, thường sẽ đặt những câu hỏi j cho cha mẹ chúng em?","Bác sĩ thường hỏi chi tiết về thể chất, hành vi, cách chơi, cũng như sự tương tác của trẻ với các thành viên trong gia đình và thế giới xung quanh."
"Ngoài việc trả lời câu hỏi, con em sẽ fải trải qua những bài kiểm tra thực tế nào để đưa ra kết luận chính xác?","Trẻ sẽ trải qua các bài kiểm tra tiêu chuẩn như khám sức khỏe, kiểm tra thính giác, thị giác thông qua việc chơi đùa hoặc thực hiện một số nhiệm vụ cụ thể được giao."
"Em có cần fải đánh giá lại sự phát triển của bé thường xuyên k, hay chỉ cần thực hiện 1 lần khi bé có dấu hiệu lạ?","Trẻ em phát triển rất nhanh, vì vậy điều quan trọng là phải đánh giá lại thường xuyên để kịp thời phát hiện những thay đổi hoặc những điểm cần điều chỉnh trong cách chăm sóc."
"Nếu em cảm thấy con mình có gì đó ""k ổn"" so với các bạn cùng lứa nhưng bài kiểm tra cho kết quả bình thường thì nên làm j?","Bạn nên tin vào trực giác của mình; đôi khi kết quả kiểm tra có thể chưa phản ánh hết, việc thảo luận kỹ hơn với bác sĩ dựa trên quan sát thực tế của cha mẹ là rất cần thiết."
"Bé nhà t đc 34 tháng rùi, em nên sắp xếp các bữa chính và bữa phụ trong ngày ntn để đảm bảo con đủ chất?","Ở tuổi này, trẻ cần ăn 2 bữa cơm (mỗi bữa 1 bát đầy), bổ sung thêm 2 bữa cháo/mì/súp và duy trì ít nhất 500ml sữa kèm các chế phẩm từ sữa hàng ngày."
"Con em bắt đầu tập ăn cơm cùng gia đình, có lưu ý j về cách nấu cơm và chọn thực phẩm cho bé 34 tháng k?","Bạn nên nấu cơm mềm hơn bình thường một chút để trẻ dễ nhai; thực đơn cần đa dạng, thay đổi món thường xuyên và đảm bảo đủ 4 nhóm chất dinh dưỡng."
Làm sao để em tạo đc thói quen ăn uống tốt cho con và tránh tình trạng trẻ chỉ thích ăn 1 vài món nhất định?,"Bạn nên tập cho trẻ ăn đúng giờ, không ăn quà vặt trước bữa chính, trang trí món ăn đẹp mắt và tuyệt đối không ép buộc hay mắng nhiếc khi trẻ ăn."
"Bé nhà mình rất lười đánh răng, hướng dẫn em cách chăm sóc răng miệng đúng cách để con k bị sâu răng sớm?","Bạn nên tập cho trẻ thói quen đánh răng sau mỗi bữa ăn và trước khi đi ngủ; sử dụng bàn chải mềm, kem đánh răng phù hợp và dạy trẻ súc miệng bằng nước muối loãng."
"Ngoài chế độ ăn, em có cần bổ sung thêm vi chất j để hỗ trợ hệ răng của con chắc khỏe và bé ăn ngon miệng hơn k?","Bạn có thể bổ sung các vi khoáng chất thiết yếu như kẽm, lysine, vitamin nhóm B... để hỗ trợ tiêu hóa và giúp hệ răng cũng như cơ thể trẻ phát triển toàn diện."
"Bé nhà t đã 18 tháng tuổi rùi mà vẫn chưa biết đi, liệu đây có phải là tình trạng chậm biết đi cần fải can thiệp y tế k?","Thông thường trẻ 12 tháng đã tập đi, nếu đến 18 tháng trẻ vẫn chưa biết đi thì được gọi là trẻ chậm biết đi và phụ huynh nên đưa bé đi khám sớm để can thiệp kịp thời."
Cho em hỏi lộ trình phát triển vận động bình thường của 1 em bé khỏe mạnh từ khi sinh ra đến khi biết ngồi vững là ntn?,"Trẻ 1 tháng biết xoay đầu, 2 tháng ngóc đầu, 3 tháng biết lật và cầm nắm, 4-5 tháng biết trườn, và từ 7-9 tháng trẻ có thể ngồi vững và bò nhanh."
"Em thấy chân của bé con có vẻ yếu và k chịu đứng vững khi em dắt tay, những dấu hiệu nào khác cảnh báo con em đang bị chậm vận động?","Ngoài việc chưa biết đi, bạn nên lưu ý nếu trẻ 12 tháng không thể đứng khi có hỗ trợ, không thể ngồi mà không có người đỡ lúc 9 tháng, hoặc không biết lật khi 6 tháng."
"Có phải các bệnh lý về cơ hay thần kinh là nguyên nhân chính khiến trẻ chậm biết đi k, hay còn do yếu tố nào khác?","Chậm biết đi có thể do bẩm sinh (loạn dưỡng cơ, bại não), nhưng cũng có thể do các yếu tố môi trường như trẻ bị hạn chế vận động hoặc cha mẹ quá bảo bọc."
"Ngoài việc tập đi, em có nên bổ sung thêm các vi chất dinh dưỡng nào để giúp xương chắc khỏe và hỗ trợ bé vận động tốt hơn k?","Bạn có thể bổ sung các vi chất thiết yếu như kẽm, Lysine, vitamin nhóm B, crom, selen để hỗ trợ tiêu hóa, tăng hấp thu và giúp trẻ phát triển toàn diện cả thể chất lẫn vận động."
"Bé nhà mình đã hơn 6 tháng rùi mà vẫn chưa thấy biết ""ê, a"" hay bập bẹ nói chuyện j hết, liệu con em có đang gặp vấn đề về ngôn ngữ k?","Ở tuổi này, trẻ thường có thể phát ra 4 nguyên âm khác nhau, bập bẹ nói ""ba"", ""ma"" hoặc bắt chước âm thanh; nếu bé hoàn toàn chưa biết ""ê, a"", bạn nên đưa bé đi khám chuyên khoa tâm thần nhi để được đánh giá tổng thể. "
" Ngoài việc phát âm, em cần quan sát những phản ứng nào khác của con đối với lời nói của cha mẹ để biết bé phát triển tâm sinh lý bình thường k?","Bạn nên quan sát xem bé có phản ứng rõ ràng với những lời âu yếm, cưng nựng hoặc tiếng quát mắng, cáu giận và từ ""không"" của cha mẹ hay không để đánh giá khả năng tiếp nhận ngôn ngữ của con. "
" Con em đã 22 tháng tuổi rùi mà vẫn chưa nói đc từ nào, bé cứ dùng tay chân để chỉ trỏ mỗi khi muốn gì đó thì có phải là dấu hiệu đáng lo k?","Ở mốc 22 tháng mà trẻ chưa thể phát âm những từ cơ bản và thường dùng tay chân thể hiện mong muốn là dấu hiệu chậm phát triển ngôn ngữ, gia đình cần chú ý theo dõi kỹ hơn. "
Những nguyên nhân phổ biến nào thường khiến trẻ bị chậm nói và khi nào thì gia đình có thể tự hỗ trợ bé ở nhà?,"Trẻ chậm nói có thể do bất thường cấu trúc phát âm, thính giác hoặc tâm lý; nếu chỉ là chậm nói tạm thời, gia đình có thể hỗ trợ bằng cách tạo hứng thú cho bé phát âm tại nhà. "
"Tại sao em thấy trẻ sơ sinh, đặc biệt là mấy bé nhẹ cân lại dễ bị mất nhiệt và hạ thân nhiệt nhanh hơn người lớn mình nhiều vậy?","Trẻ sơ sinh dễ bị mất nhiệt nhanh do tỷ lệ diện tích bề mặt cơ thể cao so với thể tích, và khả năng điều hòa nhiệt độ của các bé, đặc biệt là trẻ nhẹ cân, còn rất kém. "
"Con em dạo này da cứ mát lạnh, nhợt nhạt mà chân tay hơi xanh, lại còn bú kém và khóc yếu nữa, liệu đây có phải là dấu hiệu bé đang bị hạ thân nhiệt k?","Đúng rồi bạn, các dấu hiệu như da mát, nhợt nhạt, tay chân xanh (Acrocyanosis), cùng với việc trẻ thờ ơ, bú kém và tiếng khóc yếu ớt là những triệu chứng điển hình của hạ thân nhiệt ở trẻ sơ sinh. "
Nếu em k phát hiện kịp và để bé bị lạnh kéo dài thì có gây ra biến chứng j nguy hiểm đến tính mạng của con k?,"Hạ thân nhiệt kéo dài rất nguy hiểm, có thể dẫn đến hạ đường huyết, thiếu oxy mô, nhiễm toan chuyển hóa, rối loạn đông máu và thậm chí là tử vong nếu không được điều trị kịp thời. "
"Ở nhà em nên để nhiệt độ phòng bao nhiêu là tốt nhất và cần làm j ngay khi sinh để giữ ấm cho bé, tránh cho con bị nhiễm lạnh?","Bạn nên duy trì nhiệt độ phòng ít nhất từ 25°C đến 28°C; ngay sau sinh bé cần được lau khô ngay, quấn tã ấm (bao gồm cả đầu) và áp dụng phương pháp da kề da với mẹ. "
" Khi bé bị hạ thân nhiệt nhẹ, em có thể tự xử lý ở nhà bằng cách đội mũ hay đắp thêm chăn ấm cho con đc k, hay fải dùng thiết bị chuyên dụng?","Với mức độ nhẹ (35-36,3°C), bạn có thể cho bé tiếp xúc da kề da với mẹ trong phòng ấm, đội mũ và đắp thêm chăn ấm cho cả hai mẹ con; nhưng nếu bé lạnh hơn thì cần dùng đèn sưởi hoặc lồng ấp tại y tế. "
Tại sao k nên cho trẻ sơ sinh nằm gối quá sớm và khi nào thì bé có thể bắt đầu dùng gối?,Trẻ dưới 1 tuổi không nên nằm gối vì có thể gây vẹo cột sống và tăng nguy cơ đột tử (SIDS). Chỉ nên dùng gối khi bé đã hơn 1 tuổi và xương cổ đã cứng cáp hơn.
"Dạo này em hay cảm thấy buồn bã, lo âu và mất ngủ dù con đã ngủ ngon, liệu em có đang bị trầm cảm sau sinh k?","Các dấu hiệu lo âu, mất ngủ và buồn bã kéo dài sau sinh có thể là biểu hiện của trầm cảm sau sinh. Bạn nên chia sẻ với gia đình và gặp chuyên gia tâm lý để được hỗ trợ kịp thời."
" Em nghe nói k nên dùng phấn rôm cho bé bị viêm da cơ địa, điều này có đúng k và tại sao vậy? ","Đúng, không nên dùng phấn rôm cho bé vì các hạt bụi phấn có thể gây kích ứng đường hô hấp và khiến tình trạng viêm da của bé trở nên nghiêm trọng hơn."
 Bé nhà mình bú mẹ hoàn toàn thì có cần fải bổ sung thêm nước lọc hằng ngày để con k bị khát k?,"Trẻ dưới 6 tháng tuổi bú mẹ hoàn toàn không cần uống thêm nước lọc, vì sữa mẹ đã chứa hơn 80% là nước, đủ đáp ứng nhu cầu của bé."
Làm sao để em phân biệt đc tiếng khóc do bé đói với tiếng khóc khi bé bị đau bụng hay khó chịu trong người,"Tiếng khóc đói thường ngắt quãng và đi kèm hành động tìm vú; tiếng khóc đau bụng thường dữ dội, cao độ và bé có thể co chân lên bụng."
 Khi nào thì em có thể bắt đầu cho bé nhà t tập nằm sấp (tummy time) và việc này mang lại lợi ích j cho con vậy,"Bạn có thể cho bé tập nằm sấp ngay sau khi rốn rụng dưới sự giám sát; việc này giúp con phát triển cơ cổ, vai và ngăn ngừa tình trạng bẹp đầu."
Bé con bị sặc sưa thì em cần fải xử lý sơ cứu ở chỗ ntn để đảm bảo an toàn cho con?,"Bạn cần đặt bé nằm sấp trên cánh tay, đầu thấp hơn ngực, vỗ lưng 5 lần; nếu không hiệu quả thì lật ngửa bé và ấn ngực 5 lần, sau đó đưa đến y tế ngay."
"Em bị tắc tia sưa, đầu vú sưng đau và có cục cứng, em có nên tiếp tục cho con bú bên đó k hay fải dừng lại?","Bạn vẫn nên tiếp tục cho bé bú bên bị tắc hoặc dùng máy hút sữa để giải phóng lượng sữa thừa, kết hợp massage nhẹ nhàng để làm tan cục cứng."
 Cho em hỏi trẻ sơ sinh bị vàng da sinh lý thường kéo dài bao lâu và khi nào thì đc coi là vàng da bệnh lý,"Vàng da sinh lý thường hết sau 1-2 tuần; nếu vàng da xuất hiện sớm (trong 24h đầu), kéo dài trên 2 tuần hoặc vàng đến lòng bàn chân thì là vàng da bệnh lý."
 Chế độ ăn uống của mẹ sau sinh cần lưu ý j để sưa có chất lượng tốt nhất mà mẹ vẫn nhanh chóng phục hồi sức khỏe,"Mẹ cần ăn đủ 4 nhóm chất, tăng cường đạm, canxi và uống nhiều nước; tránh các chất kích thích như rượu bia, thuốc lá để không ảnh hưởng đến sữa."
Sau sinh bao lâu thì em có thể bắt đầu tập thể dục lại để lấy lại vóc dáng mà k ảnh hưởng vết mổ,Sau sinh thường 6 tuần hoặc sinh mổ 3 tháng bạn có thể tập nhẹ nhàng; nên bắt đầu bằng bài tập Kegel hoặc đi bộ trước khi tập nặng.
" Em bị mất ngủ kéo dài và hay quên sau sinh, có phải đây là dấu hiệu thiếu chất hay do thay đổi nội tiết tố k","Đây thường là do thay đổi nội tiết tố và thiếu ngủ; bạn nên bổ sung thêm sắt, kẽm, vitamin nhóm B và dành thời gian nghỉ ngơi nhiều hơn."
"Bé nhà mình bú mẹ hoàn toàn thì có cần fải uống thêm Vitamin D3 mỗi ngày k, và uống đến khi nào là đủ?","Có, trẻ bú mẹ nên bổ sung Vitamin D3 400 IU/ngày từ khi sinh đến 12 tháng để phòng tránh còi xương và hỗ trợ hấp thu Canxi."
"Em nghe nói sau sinh cần kiêng tắm gội cả tháng, điều này có đúng k và làm thế nào để vệ sinh cơ thể an toàn?","Quan niệm kiêng tắm gội cả tháng là sai lầm; bạn có thể tắm nước ấm nhanh sau 1-2 ngày để giữ vệ sinh, tránh nhiễm trùng vết thương."
"Sau sinh em rất hay bị táo bón, hướng dẫn em thực đơn ăn uống ntn để cải thiện tình trạng này nhanh nhất","Bạn nên uống nhiều nước (2.5-3 lít/ngày), ăn nhiều rau xanh, trái cây có tính nhuận tràng như đu đủ, chuối và vận động nhẹ nhàng."
"Em bị sốt cao kèm đau nhức ở ngực, có phải em bị áp xe vú k và em fải làm j ngay lúc này",Sốt kèm đau ngực là dấu hiệu viêm hoặc áp xe vú; bạn cần đến bệnh viện ngay để bác sĩ kiểm tra và điều trị bằng kháng sinh phù hợp.
"Bé nhà t ngủ hay bị giật mình và đổ mồ hôi trộm vía, đây là dấu hiệu sinh lý bình thường hay con đang thiếu Canxi",Có thể là dấu hiệu thiếu Canxi hoặc Vitamin D; bạn nên cho bé đi khám dinh dưỡng và đảm bảo phòng ngủ đủ thoáng mát cho con.
Em muốn sử dụng biện pháp tránh thai sau sinh thì loại nào là an toàn nhất và k gây mất sưa khi đang cho con bú,"Bạn có thể dùng bao cao su, đặt vòng tránh thai hoặc thuốc tránh thai chỉ chứa progestogen (loại dành cho mẹ cho con bú) sau 6 tuần."
Tại sao em lại bị rụng tóc rất nhiều sau sinh và có cách nào để khắc phục tình trạng này mà k cần dùng thuốc k,"Rụng tóc sau sinh do sụt giảm estrogen; bạn nên ăn thực phẩm giàu kẽm, biotin, sắt và tránh căng thẳng quá mức để tóc nhanh mọc lại."
"Bé con bị nổi rôm sảy khắp người, em có nên dùng các loại lá dân gian để tắm cho con k hay dùng sưa tắm chuyên dụng","Nên ưu tiên sữa tắm dịu nhẹ có độ pH phù hợp; các loại lá cần rửa sạch, đun sôi kỹ để tránh gây nhiễm trùng nếu da bé có vết trầy xước."
"Em hay bị đau lưng sau khi tiêm gây tê tủy sống để mổ đẻ, tình trạng này sẽ kéo dài bao lâu và làm sao để giảm đau","Đau lưng có thể do tư thế bế con hoặc ảnh hưởng của gây tê; bạn nên tập ngồi đúng tư thế, chườm ấm và vận động nhẹ nhàng để cải thiện."
Làm thế nào để em biết bé nhà mình đã bú đủ no trong mỗi cữ bú khi em cho con bú trực tiếp mà k dùng bình,"Bé bú đủ no khi ngủ ngon 2-3 tiếng sau bú, đi tiểu ít nhất 6 lần/ngày và cân nặng tăng đều đặn theo biểu đồ phát triển."
Em lỡ ăn đồ cay nóng thì có ảnh hưởng trực tiếp đến mùi vị sưa và hệ tiêu hóa của bé nhà t k,Đồ cay nóng có thể làm sữa có mùi lạ khiến bé lười bú hoặc gây kích ứng hệ tiêu hóa của bé; mẹ nên hạn chế để đảm bảo chất lượng sữa.
Sau sinh bao lâu thì kinh nguyệt sẽ trở lại bình thường và nếu em chưa có kinh thì có khả năng mang thai lại k,Mẹ cho con bú hoàn toàn thường có kinh lại muộn hơn (sau 6 tháng); tuy nhiên bạn vẫn có thể thụ thai ngay cả khi chưa có kinh trở lại.
"Bé con bị nghẹt mũi và khò khè, em có nên tự ý dùng thuốc nhỏ mũi có chứa kháng sinh cho con ở nhà k","Không tự ý dùng kháng sinh; bạn chỉ nên vệ sinh mũi cho bé bằng nước muối sinh lý 0,9% và đưa con đi khám nếu tình trạng khò khè không giảm."
"Em cảm thấy áp lực vì tiếng khóc của con và hay cáu gắt với chồng, em nên làm j để cân bằng lại tâm lý sau sinh","Bạn nên chia sẻ công việc chăm bé với người thân, dành thời gian thư giãn ngắn cho bản thân và trao đổi thẳng thắn với chồng để được hỗ trợ."
Trẻ sơ sinh bao nhiêu ngày thì rụng rốn là bình thường và em cần vệ sinh vùng rốn cho con ntn để k bị nhiễm trùng,"Rốn thường rụng sau 7-14 ngày; bạn cần giữ rốn khô thoáng, lau bằng nước muối sinh lý nếu có dịch và không nên băng kín vùng rốn."
"Em bị nứt cổ gà ở đầu ti khi cho con bú, đau quá em k chịu nổi thì có nên tạm dừng cho bé bú bên đó k","Bạn có thể tạm dừng cho bú bên đau, dùng máy hút sữa nhẹ nhàng và bôi sữa mẹ hoặc kem chuyên dụng lên đầu ti để vết nứt nhanh lành."
"Bé nhà mình hay bị nấc cụt sau khi bú xong, có cách nào để giúp con hết nấc nhanh mà k gây sặc k","Bạn có thể cho bé bú thêm một chút sữa mẹ hoặc bế đứng bé, vỗ lưng nhẹ nhàng; nấc cụt ở trẻ sơ sinh thường là hiện tượng sinh lý bình thường."
" Em nghe nói uống nước lá chè vằng rất lợi sưa, điều này có đúng k và em nên uống với liều lượng bao nhiêu mỗi ngày",Chè vằng có tác dụng hỗ trợ lợi sữa và co hồi tử cung; tuy nhiên bạn chỉ nên uống khoảng 1-2 lít mỗi ngày và không nên uống quá đặc.
"Bé nhà t bú xong hay bị ọc sưa ra mũi, em lo quá, làm sao để hạn chế tình trạng này xảy ra thường xuyên","Sau khi bú, bạn nên bế đứng và vỗ về cho bé ợ hơi ít nhất 15-20 phút; tránh đặt bé nằm ngay hoặc thay tã ngay sau khi con vừa bú xong."
"Em có đc sử dụng mỹ phẩm dưỡng da hay sơn móng tay trong thời gian cho con bú k, có ảnh hưởng đến bé k","Bạn nên chọn mỹ phẩm có nguồn gốc tự nhiên, tránh các chất độc hại như retinol hay paraben; hạn chế sơn móng tay vì mùi sơn có thể gây khó chịu cho bé."
" Tại sao bé nhà em lại hay quấy khóc vào 1 khung giờ cố định buổi tối (khóc dạ đề), em fải làm j để dỗ con","Đây có thể là hội chứng Colic; bạn hãy ôm ấp, massage bụng cho bé, tạo không gian yên tĩnh và kiên nhẫn vỗ về cho đến khi bé qua cơn quấy."
"Em bị đau khớp cổ tay sau sinh (hội chứng De Quervain) do bế con nhiều, có bài tập nào giúp giảm đau hiệu quả k","Bạn nên hạn chế cử động mạnh ở cổ tay, dùng nẹp hỗ trợ nếu cần và tập bài tập căng giãn cơ nhẹ nhàng; có thể chườm lạnh để giảm sưng đau."
" Bé nhà mình 4 tháng tuổi rùi, em thấy mọi người bảo cho uống thêm nước cam để tăng đề kháng, em có nên làm theo k",Chưa nên; hệ tiêu hóa của bé dưới 6 tháng chưa sẵn sàng cho nước trái cây có tính axit cao. Sữa mẹ vẫn là nguồn cung cấp đề kháng tốt nhất.
" Em bị trĩ sau sinh và đi ngoài ra máu, tình trạng này có tự hết k hay em fải can thiệp phẫu thuật","Bạn nên ăn nhiều chất xơ, uống nhiều nước và ngâm hậu môn nước ấm; nếu tình trạng đau rát và chảy máu không giảm, hãy đi khám chuyên khoa."
"Làm sao để tập cho bé con thói quen phân biệt ngày và đêm để con k bị ""cày đêm"" làm mẹ kiệt sức","Ban ngày bạn nên để phòng sáng và có tiếng động sinh hoạt; ban đêm hãy giữ phòng tối hoàn toàn, yên tĩnh và hạn chế tương tác khi cho bé bú."
"Em bị cảm cúm thì có đc tiếp tục cho con bú trực tiếp k, và em có cần fải đeo khẩu trang khi gần con k",Bạn vẫn nên cho con bú vì sữa mẹ chứa kháng thể chống lại virus cảm cúm; tuy nhiên bạn cần đeo khẩu trang và rửa tay sạch khi tiếp xúc với bé.
"Bé nhà t bị tưa lưỡi trắng xóa, em dùng mật ong để rơ lưỡi cho con như kinh nghiệm dân gian thì có an toàn k",Tuyệt đối không dùng mật ong cho trẻ dưới 1 tuổi vì nguy cơ ngộ độc botulism; bạn nên dùng gạc y tế thấm nước muối sinh lý hoặc thuốc rơ lưỡi chuyên dụng.
Em muốn tập cho bé ngủ riêng ở nôi cạnh giường mẹ ngay từ tháng đầu tiên có đc k hay nên để bé nằm chung,"Để bé nằm nôi riêng cạnh giường mẹ là lựa chọn an toàn nhất, giúp giảm nguy cơ đột tử (SIDS) và giúp mẹ dễ dàng quan sát con."
"Em ăn nhiều móng giò để lợi sưa nhưng lại thấy cân nặng tăng vọt mà sưa k nhiều hơn, em nên đổi sang thực phẩm j tốt hơn","Móng giò chứa nhiều chất béo dễ gây tắc tia sữa và tăng cân; bạn nên thay bằng các loại đậu, ngũ cốc nguyên hạt, thịt nạc và rau xanh đậm."
"Bé con 3 tháng tuổi bị sốt 38.5 độ sau khi tiêm chủng về, em nên dùng thuốc hạ sốt liều lượng ntn là an toàn",Bạn có thể dùng paracetamol liều 10-15mg/kg cân nặng mỗi 4-6 tiếng; kết hợp lau mát bằng nước ấm và cho bé bú nhiều hơn để bù nước.
" Em bị rạn da bụng rất nhiều sau sinh, các loại kem bôi ngoài da có thực sự hiệu quả để làm mờ vết rạn k","Kem bôi có thể hỗ trợ làm mờ màu sắc vết rạn nếu kiên trì; tuy nhiên vết rạn sâu khó mất hoàn toàn, bạn cần kết hợp ăn uống đủ vitamin E, C."
" Tại sao bé nhà mình lại hay gồng mình, đỏ mặt mỗi khi đi ngoài hoặc xì hơi, có phải con đang bị đau bụng k",Đây thường là hiện tượng sinh lý bình thường ở trẻ sơ sinh khi đang học cách điều khiển cơ hậu môn; nếu bé vẫn bú tốt và phân mềm thì mẹ không nên quá lo lắng.
"Em muốn biết cách massage bụng cho bé để giúp con dễ tiêu hóa và giảm tình trạng đầy hơi, khó tiêu hàng ngày",Bạn hãy dùng 2 ngón tay xoa nhẹ vòng tròn theo chiều kim đồng hồ quanh rốn bé khoảng 5-10 phút mỗi ngày trước khi cho bé bú hoặc sau bú 1 tiếng.
"Em có nên sử dụng núm vú giả để dỗ bé ngủ k, việc này có gây ảnh hưởng đến khớp cắn hay khiến bé bỏ bú mẹ k",Có thể dùng khi bé đã bú mẹ ổn định (sau 1 tháng); tuy nhiên không nên lạm dụng quá lâu để tránh ảnh hưởng đến cấu trúc hàm và sự gắn kết với mẹ.
"Sau sinh em bị đau khớp háng và vùng chậu mỗi khi đi lại, em có cần fải đi chụp X-quang để kiểm tra k","Đau vùng chậu thường do giãn dây chằng lúc mang thai; nếu đau dữ dội ảnh hưởng vận động, bạn nên đi khám chuyên khoa sản để được đánh giá lại sàn chậu."
" Bé nhà t bú mẹ hoàn toàn nhưng 3-4 ngày ms đi ngoài 1 lần, liệu con có bị táo bón k và em có nên thụt hậu môn cho con","Nếu phân vẫn mềm thì đây là hiện tượng ""giãn ruột sinh lý"", không phải táo bón; bạn không nên tự ý thụt hậu môn vì sẽ làm mất phản xạ tự nhiên của bé."
" Em bị stress vì lượng sưa ngày càng ít đi, làm sao để kích sưa trở lại hiệu quả mà k cần dùng đến thuốc lợi sưa","Bạn cần giữ tinh thần thoải mái, ngủ đủ giấc, uống nhiều nước ấm và thực hiện phương pháp ""da kề da"" với bé kết hợp hút sữa đều đặn mỗi 3 giờ."
"Những dấu hiệu nguy hiểm nào (như sốt cao, co giật, lờ đờ) ở trẻ sơ sinh mà em cần fải đưa con đi cấp cứu ngay lập tức","Bạn cần đưa bé đi cấp cứu ngay nếu: bé sốt trên 38.5 độ, co giật, li bì khó đánh thức, bú kém/bỏ bú, nhịp thở nhanh bất thường hoặc có dấu hiệu tím tái."
