kb,question,ground_truth,mrr_score,ap_score,latency_sec,num_relevant,docs_preview
kb2,Trẻ sơ sinh đc kđịnh nghĩa là trẻ trong độ tuổi nào z?,Trẻ sơ sinh là trẻ từ khi lọt lòng mẹ đến 28 ngày tuổi.,1.0,1.0,7.3449,2,"Câu hỏi	Trả lời	Nguồn: Nhiễm trùng mắt ở trẻ sơ sinh là gì?	""Trẻ sơ sinh được tí ||| Câu hỏi	Trả lời	Nguồn: Ở trẻ sơ sinh và trẻ nhỏ < 12 tháng tuổi: ||| Dấu hiệu cảnh báo trẻ chậm biết đi Bài viết được tư vấn chuyên môn bởi Bác sĩ ch ||| Câu hỏi	Trả lời	Nguồn: Thế nào là vàng da sinh lý ở trẻ sơ sinh? 	""Ở trẻ đủ thán ||| | 457 HƯỚNG DẪN KHÁM SỨC KHỎE TRẺ EM ĐỊNH KỲ Hướng dẫn này được sử dụng để khám "
kb2,"Trong ngày đầu sau sinh, cần giữ ấm cho bé nhà mình bằng cách nào z chat ơi?",Giữ ấm cho trẻ bằng cách cho nằm cùng mẹ.,1.0,1.0,0.0471,1,"Vào thời điểm khi trẻ sinh ra, trẻ sơ sinh nên được lau khô ngay lập tức và sau  ||| Câu hỏi	Trả lời	Nguồn: Phòng ngừa nhiệt miệng cho trẻ dưới 1 tuổi như thế nào?	"" ||| NHỮNG VẤN ĐỀ PHỔ BIẾN CẦN PHẢI LÀM GÌ Cố gắng thử nhiều cách khác nhau để làm dị ||| Cách điều trị bệnh viêm da cơ địa trẻ 3 tháng tuổi Hỏi Chào bác sĩ ạ. Bé nhà em  ||| 3 Chăm sóc ngay sau sinh • Bú mẹ đầu tiên được khuyến khích càng sớm càng tốt ng"
kb2,Sau khi sinh bao lâu thì ms đc tắm hoặc rửa cho bé con z,Không tắm hoặc rửa cho trẻ trong 6 giờ đầu sau sinh.,1.0,0.8056,0.0381,3,"70 - Sau 24h sau sinh, thường các hộ sinh là người tắm cho trẻ trước. Sau đó khi ||| 1 Cải thiện chất lượng chăm sóc mẹ và bé sau sinh Kim Hyde Hộ sinh, Tư vấn NCBSM ||| 76 | 3. Hướng dẫn chăm sóc. Cho mẹ Cho con - Vệ sinh hàng ngày: rửa vùng sinh dụ ||| Câu hỏi	Trả lời	Nguồn: 2. Tắm đúng cách: Chỉ nên tắm cho trẻ bằng nước ấm (không ||| 95 - Chỉ khi nào cảm thấy sức khỏe đã ổn định, không còn đau đ ớn, tâm lý cũng đ"
kb2,Bé nhà t nên đc bú mẹ lần đầu vào tg điểm nào sau đẻ,Cho trẻ bú mẹ ngay trong vòng 1 giờ đầu sau sinh và cho bú theo nhu cầu của trẻ.,1.0,1.0,0.0411,5,35 Thời gian cho trẻ bú - Cho trẻ bú ngay trong vòng 1 gi ờ đầu sau sinh đ ể tận ||| đến:  Có kinh trở lại.  Trẻ ăn những thức ăn khác ngoài sữa mẹ.  Những khó kh ||| Nuôi con bằng sữa mẹ trong 7 ngày đầu sau sinh • Cho trẻ tiếp xúc da kề da và bú ||| Hướng dẫn các bà mẹ cách cho con bú và duy trì nguồn sữa ngay cả khi bà mẹ phải  ||| ĐẶC TÍNH CỦA SỮA NON  Bài tiết trong vài ngày đầu sau đẻ.  Sữa non sánh đặc có
kb2,"Tại cơ sở y tế, bé sơ sinh cần đc tiêm các loại vắc xin j ngay","Trẻ cần được tiêm bắp vitamin K1, tiêm phòng Lao(BCG) và viêm gan B.",0.5,0.45,0.0424,2,"và con trước khi cho về nhà. - Trường hợp cần chuyển tuyến: Khi chuyển phải cung ||| CHĂM SÓC TRẺ CHĂM SÓC TRẺ • Trẻ cần được tiêm chủng theo chương trình tiêm chủng ||| 254 | - Phát hiện các triệu chứng của giang mai bẩm sinh để chuyến tuyến trên (c ||| | 205 CHUYỂN VIỆN AN TOÀN CHO TRẺ SƠ SINH 1. Chuyển trẻ từ tuyến xã. - Tùy điều  ||| | 253 TRẺ SINH RA TỪ MẸ BỊ VIÊM GAN B, LAO, LẬU, GIANG MAI, HIV 1. Mẹ bị viêm ga"
kb2,Gia đình cần theo dõi những bộ phận nào của bé nhà mình ở nhà trộm vía,"Gia đình và bà mẹ cần theo dõi về nhịp thở, màu da, rốn, bàn chân, tiểu tiện và
phân su của trẻ.",0.3333,0.3333,0.0367,1,"AN TOÀN VÀ PHÒNG CHỐNG THƯƠNG TÍCH BẠN CÓ THỂ LÀM GÌ ĐỂ GIỮ AN TOÀN CHO TRẺ? Để  ||| Câu hỏi	Trả lời	Nguồn: Con tôi thường thức ban đêm, ngủ vào ban ngày, vậy bé có  ||| Câu hỏi	Trả lời	Nguồn: - Chăm sóc bé chu đáo None: luôn theo dõi và quan sát các ||| CƠ THỂ PHÁT TRIỂN, TRÍ TUỆ PHÁT TRIỂN Bạn có thể chơi trò chơi “thử đoán đồ vật” ||| 42 | QUẢN LÝ THAI Quản lý thai là các biện pháp giúp cán bộ y tế xã nắm chắc số "
kb2,Thế nào là nuôi con bằng sưa mẹ hoàn toàn nhỉ,"Cho trẻ bú hoàn toàn bằng sữa mẹ mà không cần ăn thêm bất cứ thứ gì
khác, kể cả nước tráng miệng sau khi bú. Cho trẻ bú theo nhu cầu cả ngày
lẫn đêm.",1.0,1.0,0.0393,5,"SỨC KHOẺ Sữa non (‘sữa đầu’) là món quà quý giá nhất cho em bé mới sinh. Sữa non ||| Lợi ích của nuôi con bằng sữa mẹ NCBSM • Giúp tăng cường tình cảm mẹ con, bảo đả ||| Điều kiện 1 Có bản qui định về nuôi con bằng sữa mẹ và được phổ biến thường xuyê ||| KHUYẾN NGHỊ VỀ NCBSM (2) Cho trẻ bú kéo dài đến 24 tháng hoặc lâu hơn • Từ 6 thá ||| | 217 TƯ VẤN NUÔI CON BẰNG SỮA MẸ Sữa mẹ là nguồn dinh dưỡng quý giá nh ất giúp "
kb2,"Trước khi bế hoặc cho bé bú, mẹ bỉm cần làm j vậy ạ",Rửa tay bằng xà phòng và nước sạch.,0.0,0.0,0.0406,0,"Với trẻ sơ sinh, bạn sẽ nên theo dõi số lần thay tã mỗi ngày. Đây là một chỉ số  ||| -         Khuyến khích các mẹ ngồi cho con bú, nhằm giúp trẻ ngậm bắt vú đúng và ||| AN TOÀN VÀ PHÒNG CHỐNG THƯƠNG TÍCH BẠN CÓ THỂ LÀM GÌ ĐỂ GIỮ AN TOÀN CHO TRẺ? Để  ||| Câu hỏi	Trả lời	Nguồn: Trẻ sơ sinh gần như ngủ suốt ngày đêm None: chỉ thức dậy  ||| Sức khỏe của mẹ trong ngày đầu tiên sau sinh cũng sẽ còn rất yếu nên mọi việc ch"
kb2,Liệt kê các dấu hiệu nguy hiểm ở bé sơ sinh cần đi khám ngay mn ơi,"Sau khi trẻ sinh ra, bà mẹ và gia đình cần theo dõi và phát hiện sớm các dấu hiệu nguy hiểm ở trẻ sơ sinh (trẻ từ khi sinh ra cho đến 28 ngày tuổi) như: Bú kém hoặc bỏ bú, ngủ li bì khó đánh thức, Thở khác thường (thở chậm dưới 40 lần hoặc thở nhanh trên 60 lần trong 1 phút, co rút lồng ngực, cánh mũi phập phồng, khò khè), Sốt cao (trên 38,5 độ C) hoặc hạ nhiệt độ (dưới 36 độ C), co cứng hoặc co giật,  mắt sưng đỏ hoặc có mủ nhiều, rốn sưng đỏ hoặc chảy mủ, Da vàng sau đẻ 24 giờ hoặc kéo dài hơn 2 tuần hoặc da vàng đậm, Nôn liên tục, bụng chướng, Đi ỉa nhiều nước, nhiều lần hơn bình thường, Trẻ không đái, ỉa sau 24 giờ sau khi sinh.",1.0,0.7,0.0441,2,"7 Bàn giao việc chăm sóc đến khoa hậu sản • Nhân viên bàn giao việc chăm sóc khi ||| Câu hỏi	Trả lời	Nguồn: Cần đưa trẻ đi khám ngay khi nào?	""Khi trẻ có một trong c ||| Câu hỏi	Trả lời	Nguồn: - Chăm sóc bé chu đáo None: luôn theo dõi và quan sát các ||| Câu hỏi	Trả lời	Nguồn: Những dấu hiệu cảnh báo bệnh tay chân miệng?	""Dù đa số tr ||| | 209 - Khi trẻ sơ sinh có vấn đề về sức khỏe cần chuyển sang điều trị ở khoa Nh"
kb2,Cách xử trí ở nhà khi bé nhà t bị sốt cao fải làm sao,"Lau người bằng khăn ấm, đắp khăn ấm để hạ nhiệt và đưa ngay đến cơ sở y tế.",0.0,0.0,0.0454,0,"NHỮNG VẤN ĐỀ PHỔ BIẾN SỐT Sốt là tình trạng nhiệt độ cơ thể cao hơn bình thường. ||| Câu hỏi	Trả lời	Nguồn: Cách chăm sóc bé bị viêm da cơ địa?	""Để chăm sóc đúng các ||| Câu hỏi	Trả lời	Nguồn: - Sốt nhẹ hoặc sốt vừa None: kèm theo biểu hiện quấy khóc ||| 84 - Giữ bé ở nơi mát mẻ + Nhằm giúp bé c ảm thấy dễ chịu và h ạ sốt mẹ nên cố g ||| Câu hỏi	Trả lời	Nguồn: Phòng ngừa nhiệt miệng cho trẻ dưới 1 tuổi như thế nào?	"""
kb2,Sưa non là j và có lợi ích như thế nào,"Sữa non là sữa tiết ra trong vài ngày đầu sau sinh, có nhiều chất dinh
dưỡng và giúp bảo vệ trẻ không bị bệnh tật.",0.0,0.0,0.0373,0,"CƠ THỂ PHÁT TRIỂN, TRÍ TUỆ PHÁT TRIỂN • Trẻ học khi chúng chơi. Khi chơi, trẻ sẽ ||| Câu hỏi	Trả lời	Nguồn: ROP là gì ?	""Bệnh lý võng mạc trẻ sanh non (Retinopathy o ||| 458 | 4. Đánh giá về phát triển tinh thần, vận động Tùy theo độ tuổi của trẻ, đá ||| 0 ĐẾN 6 THÁNG TUỔI ĐỒ CHƠI GIÚP BÉ VUI VÀ HỌC Những thứ để nhìn: • Đồ vật di độn ||| • Trí tuệ và cảm xúc của trẻ phát triển như thế nào • Làm sao để khuyến khích tr"
kb2,Việc cho con bú ngay trong vòng một giờ đầu sau sinh có lợi j cho người mẹ k ạ,"Giúp mẹ con gắn bó tình cảm, động tác mút vú làm cho sữa mẹ về nhanh hơn, tử cung co hồi tốt và giảm nguy cơ chảy máu cho bà mẹ.",1.0,1.0,0.0397,5,Nuôi con bằng sữa mẹ trong 7 ngày đầu sau sinh • Cho trẻ tiếp xúc da kề da và bú ||| Hướng dẫn các bà mẹ cách cho con bú và duy trì nguồn sữa ngay cả khi bà mẹ phải  ||| KHUYẾN NGHỊ VỀ NCBSM Cho trẻ bú mẹ sớm trong vòng 1 giờ đầu sau khi sinh • Không ||| Giúp các bà mẹ cho con bú ngay sau sinh trong vòng 1 giờ đầu. • Đặt trẻ tiếp xúc ||| 35 Thời gian cho trẻ bú - Cho trẻ bú ngay trong vòng 1 gi ờ đầu sau sinh đ ể tận
kb2,Những trường hợp nào các Mom k nên cho con bú mà pải dùng sữa thay thế,"Bà mẹ có bệnh phải dùng thuốc như ung thư, thuốc về thần kinh, bẹ mẹ có bệnh: suy tim, lao phổi, nhiễm trùng hoặc áp xe vú, bà mẹ bị nghiễm HIV hay xét nghiệm đang nghi ngờ HIV, trẻ có dị tật ở miệng mà không thể bú được.",1.0,1.0,0.0431,1,218 | 3. Cho con bú trong những ngày đầu. - Giải thích những thay đổi về vú tron ||| Câu hỏi	Trả lời	Nguồn: Không nên cho trẻ uống sữa vắt trực tiếp None: thay vào đ ||| Câu hỏi	Trả lời	Nguồn: - Cũng có thể đơn giản là do tư thế cho bé bú chưa đúng c ||| Cho trẻ ăn sữa mẹ đã vắt ra • Rã đông sữa: Đưa sữa lên ngăn mát tủ lạnh cho đỡ đ ||| KHUYẾN NGHỊ VỀ NCBSM Cho trẻ bú mẹ sớm trong vòng 1 giờ đầu sau khi sinh • Không
kb2,Tư thế bú đúng là như thế nào bs ơi,"Mẹ nằm hoặc ngồi ở tư thế thoải mái, có thể dùng gối hay chăn gấp kê dưới đầu bé nếu bà mẹ nằm hoặc để dưới cánh tay nếu bà mẹ ngồi. Mặt trẻ hướng vào vú mẹ, mũi trẻ đối diện với núm vú, măt mẹ nhìn vào bé. Toàn thân trẻ sát vào người mẹ, đầu-thân-mông trẻ trên đường thẳng.",0.0,0.0,0.0363,0,"Điều kiện 8 Khuyến khích cho trẻ bú mẹ theo nhu cầu. Bú theo nhu cầu là cho trẻ  ||| Chăm sóc ngày thứ 4 và ngày thứ 5 Vào ngày thứ 4 và ngày thứ 5 trong giai đoạn c ||| SỮA TRƯỞNG THÀNH  Bài tiết từ ngày 2, hiện tượng căng sữa  Số lượng nhiều, đủ  ||| Câu hỏi	Trả lời	Nguồn: - Cũng có thể đơn giản là do tư thế cho bé bú chưa đúng c"
kb2,Dấu hiệu nào cho thấy bé nhà mình đã bú tốt vậy ạ,"Miệng trẻ mở rộng ngậm sâu vào quầng thâm vú mẹ, môi dưới trẻ trễ xuống và thấy lưỡi của trẻ giữa bầu vú và môi dưới, trẻ bú dài hơi và sâu. Cằm của trẻ chuyển động theo mỗi lần mút, người mẹ không thấy đau ở đầu vú.",1.0,0.7,0.0513,3,Điều kiện 8 Khuyến khích cho trẻ bú mẹ theo nhu cầu. Bú theo nhu cầu là cho trẻ  ||| 73 - Tư vấn lợi ích của việc cho trẻ bú sớm: lợi ích cho trẻ; lợi ích cho mẹ - T ||| SỨC KHOẺ Sữa non (‘sữa đầu’) là món quà quý giá nhất cho em bé mới sinh. Sữa non ||| Hướng dẫn các bà mẹ cách cho con bú và duy trì nguồn sữa ngay cả khi bà mẹ phải  ||| ồi bú tiếp. Có thể nhìn hoặc nghe thấy tiếng trẻ nuốt). - Phát hiện các trường h
kb2,Sưa mẹ vắt ra có thể bảo quản ở nhiệt độ thường trong bao lâu,Chỉ nên để sữa lâu nhất khoảng 3 giờ sau khi vắt.,1.0,0.75,0.04,2,"Sữa mẹ có thể được bảo quản trong túi đá giữ nhiệt tối đa 24 giờ nếu bạn đi du l ||| Ba mẹ cần đảm bảo tã vải phải được giặt sạch sẽ  Đóng tất cả miếng gai dán dính  ||| 20 Xử trí - chăm sóc - Tập thể dục, vận động nhẹ nhàng - Uống nhiều nước ấm - Bổ ||| Bảo quản sữa mẹ đã vắt như thế nào? Mục lục Trước khi vắt sữa mẹ Bảo quản sữa mẹ ||| 50 - Có thể làm ẩm chụp vú đ ể tăng độ mút, kín khít. B ắt đầu hút v ới áp l ực "
kb2,Tại sao các Mom cho con bú k nên kiêng ăn uống và cần nghỉ ngơi,"Được ăn uống đầy đủ, nghỉ ngơi hợp lý giúp bà mẹ có sức khoẻ tốt và có
đủ sữa để nuôi con.",1.0,0.8042,0.0394,4,KHUYẾN NGHỊ VỀ NCBSM Cho trẻ bú mẹ sớm trong vòng 1 giờ đầu sau khi sinh • Không ||| Câu hỏi	Trả lời	Nguồn: - Không bú hoặc ăn bú quá ít None: ||| 17 Hỗ trợ bú mẹ • Nghỉ ngơi tại phòng và tiếp xúc da kề da với mẹ khi cần. Bú mẹ ||| | 219 - Nên ngừng bú sớm (6 tháng) để hạn chế nguy cơ truyền HIV; - Cần tư vấn c ||| Nuôi con khi trẻ không chịu bú mẹ (3) Bốn nhóm giải pháp giúp trẻ bú trở lại 1. 
kb2,Mẹ sau sinh cần bổ sung Vitamin A với liều lượng bao nhiêu bs ơi,"Sau khi sinh bà mẹ cần uống 1 liều vitamin A 200.000 đơn vị để cung cấp
đủ vitamin A trong sữa mẹ cho trẻ.",1.0,0.95,0.0399,4,"Câu hỏi	Trả lời	Nguồn: Với mẹ bầu None: bạn cần chú ý chăm sóc sức khỏe và bổ su ||| Câu hỏi	Trả lời	Nguồn: có thể thay thế phơi nắng bằng bổ sung vitamin D cho trẻ  ||| Câu hỏi	Trả lời	Nguồn: Độ tuổi nào thì nên cho bé dùng sữa tươi?	""Sữa tươi chứa  ||| Hướng dẫn chăm sóc mẹ sau sinh thường Nội dung video được tư vấn chuyên môn bởi  ||| | 249 NUÔI DƯỠNG TĨNH MẠCH Ở TRẺ SƠ SINH MỞ ĐẦU: Nuôi dưỡng tĩnh mạch bao gồm cu"
kb2,Khi nào thì bé con bắt đầu bước vào giai đoạn ăn bổ sung (ăn dặm),Khi trẻ tròn 6 tháng tuổi (180 ngày).,0.0,0.0,0.0461,0,"SỨC KHOẺ • Bắt đầu cho trẻ ăn bổ sung (ăn sam, ăn dặm) tốt nhất từ 6 tháng tuổi  ||| Trắc nghiệm: Sự phát triển tinh thần, vận động của bé thế nào là đúng chuẩn? Khi ||| Hướng dẫn đầy đủ về ăn dặm theo khuyến cáo của Viện Dinh dưỡng Quốc gia Ăn dặm l ||| SỨC KHOẺ GIÚP TRẺ ĂN TỐT Là cha mẹ, nhiệm vụ của bạn là quyết định: • Chọn thức  ||| 248 | Gợi ý tiến trình dinh dưỡng đường tiêu hóa ở trẻ sinh non Cân nặng Thể tíc"
kb2,Nguyên tắc cho bé ăn dặm về độ đặc và số lượng là j ạ,"Cho trẻ ăn từ loãng đến đặc, từ ít đến nhiều.",1.0,0.8042,0.0423,4,"Bên cạnh đó, số bữa ăn dặm cũng cần được cân bằng với nguồn sữa mẹ để trẻ dần th ||| Trắc nghiệm: Sự phát triển tinh thần, vận động của bé thế nào là đúng chuẩn? Khi ||| Câu hỏi	Trả lời	Nguồn: Bé 2 tuổi nên chọn loại sữa tươi dạng nguyên kem None: nế ||| Hướng dẫn bà mẹ cho trẻ ăn bằng cốc • Rửa tay sạch. • Chuẩn bị lượng sữa đủ một  ||| Câu hỏi	Trả lời	Nguồn: - Nếu bé uống quá nhiều sữa kể cả sữa bột hay sữa tươi th"
kb2,Bé từ 7-12 tháng tuổi cần ăn bao nhiêu bữa bột 1 ngày các v a,"Cho trẻ ăn 3 bữa bột một ngày kèm sữa mẹ. Ngoài ra cho trẻ uống thêm nước ép trái cây, bánh mềm.",1.0,0.8042,0.0421,4,"Trẻ từ 9 - 11 tháng: Giai đoạn này có thể cho trẻ ăn 3 - 4 bữa bột đặc một ngày. ||| Số bữa ăn dặm trong ngày của trẻ từ 6 tháng - 24 tháng Cho trẻ ăn dặm mấy bữa mỗ ||| DINH DƯỠNG CHO TRẺ DƯỚI 2 TUỔI TRUNG TÂM TRUYỀN THÔNG GDSK TRUNG ƯƠNG TRANH 7 Tr ||| SỨC KHOẺ GIÚP TRẺ ĂN TỐT Là cha mẹ, nhiệm vụ của bạn là quyết định: • Chọn thức  ||| SỨC KHOẺ • Bắt đầu cho trẻ ăn bổ sung (ăn sam, ăn dặm) tốt nhất từ 6 tháng tuổi "
kb2,Bốn nhóm thực phẩm cần có trong bữa ăn của bé nhà mình là j,"Cho trẻ ăn đủ bốn nhóm thực phẩm: tinh bột, đạm, mỡ hay dầu thực vật
và các loại rau quả.",1.0,1.0,0.0404,5,"Trẻ từ 9 - 11 tháng: Giai đoạn này có thể cho trẻ ăn 3 - 4 bữa bột đặc một ngày. ||| SỨC KHOẺ Ở độ tuổi chập chững biết đi, trẻ không cần ăn một lượng lớn thức ăn. Q ||| Cho bé ăn dặm từ lỏng đến đặc Nên cho trẻ ăn bột loãng từ 2 - 3 ngày sau đó tăng ||| SỨC KHOẺ GIÚP TRẺ ĂN TỐT Là cha mẹ, nhiệm vụ của bạn là quyết định: • Chọn thức  ||| Hướng dẫn đầy đủ về ăn dặm theo khuyến cáo của Viện Dinh dưỡng Quốc gia Ăn dặm l"
kb2,Trẻ từ 12-24 tháng tuổi cần ăn bn bữa 1 ngày thế,"Trẻ từ 12 -24 tháng: Cho trẻ ăn 5 bữa một ngày (3 bữa cháo chính và 2
bữa phụ hoa quả, sữa hoặc bánh).",1.0,0.8042,0.0396,4,Số bữa ăn dặm trong ngày của trẻ từ 6 tháng - 24 tháng Cho trẻ ăn dặm mấy bữa mỗ ||| Câu hỏi	Trả lời	Nguồn: Ở trẻ sơ sinh và trẻ nhỏ < 12 tháng tuổi: ||| Trẻ từ 9 - 11 tháng: Giai đoạn này có thể cho trẻ ăn 3 - 4 bữa bột đặc một ngày. ||| có thể bắt đầu cho ăn sớm hơn. - Tăng sữa khi trẻ ổn định và dung nạp nuôi dưỡng ||| KHUYẾN NGHỊ VỀ NCBSM (2) Cho trẻ bú kéo dài đến 24 tháng hoặc lâu hơn • Từ 6 thá
kb2,Lợi ích của việc tiêm chủng vắc xin đầy đủ cho bé nhà t,"Giúp phòng ngừa các bệnh nguy hiểm như Lao, Bạch hầu, Ho gà, Uốn ván, Bại liệt, viêm gan B, viêm não Nhật Bản,…",0.0,0.0,0.0399,0,CHĂM SÓC TRẺ CHĂM SÓC TRẺ • Trẻ cần được tiêm chủng theo chương trình tiêm chủng ||| Câu hỏi	Trả lời	Nguồn: Thuốc kháng sinh không thực sự hữu ích trong điều trị Non ||| | 229 5. Nguyên tắc tiến hành. - Rửa tay. - Đặt NKQ (nếu bệnh nhân chưa có NKQ). ||| 254 | - Phát hiện các triệu chứng của giang mai bẩm sinh để chuyến tuyến trên (c ||| Câu hỏi	Trả lời	Nguồn: Vi khuẩn hoặc virus: không chỉ gây viêm da cơ địa None: t
kb2,"Khi bé bị tiêu chảy ở nhà, mẹ bỉm cần cho bé uống nước j","Cho trẻ bú nhiều hơn và lâu hơn. Cho trẻ uống Ô-rê-zôn, nước cháo, nước cơm hoặc nước ép quả tươi.",1.0,0.8875,0.0383,4,"Tại sao chúng ta không cần cho trẻ sơ sinh dưới 6 tháng tuổi uống nước? Nhiều gi ||| NHỮNG VẤN ĐỀ PHỔ BIẾN TIÊU CHẢY Trẻ bị tiêu chảy là khi trẻ đi đại tiện (đi ngoà ||| Câu hỏi	Trả lời	Nguồn: - Dấu hiệu mất nước vừa đến nặng: khô môi miệng None: khó ||| Các trường hợp cần vắt sữa 1. Để lại sữa cho con khi mẹ đi làm. 2. Nuôi trẻ nhẹ  ||| Một đứa trẻ được coi là bú mẹ hoàn toàn khi chỉ nhận được sữa mẹ, không có bất k"
kb2,"Giai đoạn ""Cửa sổ cơ hội"" để phòng chống thấp còi là khi nào the",Là giai đoạn trẻ từ 6 đến 24 tháng tuổi.,0.0,0.0,0.0504,0,| 225 SUY HÔ HẤP SƠ SINH 1. Tổng quan Suy hô hấp là nguyên nhân nhập viện hàng đ ||| Câu hỏi	Trả lời	Nguồn: Không gian nào trong gia đình là phù hợp nhất để dạy con  ||| tóm tắt bằng từ CRAFFT xuất phát từ 6 chữ đầu của 6 từ tiếng Anh (có thể tham kh ||| AN TOÀN VÀ PHÒNG CHỐNG THƯƠNG TÍCH TẠO NGÔI NHÀ AN TOÀN CHO TRẺ Hầu hết các tai  ||| Các chuyên gia y tế đều khuyên các bậc phụ huynh không nên đợi tới khi trẻ đủ 18
kb2,Sự khác biệt về tỷ lệ Casein giữa sưa người và sữa bò là j,"Casein trong sữa người chiếm 35% (dễ tiêu hóa), trong khi sữa bò chiếm 80% (khó tiêu hóa).",1.0,1.0,0.0414,3,Sự khác nhau về chất lượng protein trong các loại sữa Sữa bòSữa người Whey prote ||| Sự khác nhau giữa sữa non và sữa trưởng thành Fat Protein Lactose Sữa đầu Sữa cu ||| Câu hỏi	Trả lời	Nguồn: Sữa tươi hay sữa bột đều có những ưu và nhược điểm của nó ||| 7 Sản dịch: - Là d ịch t ừ trong đư ờng sinh d ục mà ch ủ yếu là t ừ buồng tử cu ||| So sánh các chất dinh dưỡng trong sữa mẹ và sữa động vật
kb2,Tại sao sưa mẹ giúp bé nhà mình chống đc nhiễm khuẩn,"Vì sữa mẹ chứa các kháng thể, tế bào bạch cầu và các protein chống nhiễm khuẩn được tiết trực tiếp từ cơ thể mẹ.",0.0,0.0,0.0362,0,"Câu hỏi	Trả lời	Nguồn: Hướng dẫn chăm sóc trẻ bị chàm da?	""Việc chăm sóc trẻ đún ||| Thuốc điều trị nấm miệng cho trẻ được dùng sau ăn Nếu bạn đang sử dụng máy hút s ||| 230 | VIÊM PHỔI 1. Tổng quan Viêm phổi là một trong những bệnh lý thường gặp và  ||| CƠ THỂ PHÁT TRIỂN, TRÍ TUỆ PHÁT TRIỂN Các em bé và trẻ nhỏ đôi lúc sẽ thấy sợ hã ||| Câu hỏi	Trả lời	Nguồn: Bên cạnh đó None: cha mẹ cần giữ trẻ tránh xa các tác nhâ"
kb2,Sưa mẹ chứa bao nhiêu năng lượng trong 1 lít bs ơi,Năng lượng từ sữa mẹ khoảng  500 kcal đến gần 600 kcal.,0.5,0.5333,0.041,3,"51 Trong ngăn mát tủ lạnh, nhiệt độ ≤-4 độ C thời gian bảo quản tốt nhất 4 ngày  ||| Nhu cầu dinh dưỡng của bà mẹ thời kỳ mang thai và NCBSM Nhu cầu dinh dưỡng /ngày ||| CƠ THỂ PHÁT TRIỂN, TRÍ TUỆ PHÁT TRIỂN ĐỒ CHƠI TỰ LÀM HOẶC SẴN CÓ Vật dụng trong  ||| 248 | Gợi ý tiến trình dinh dưỡng đường tiêu hóa ở trẻ sinh non Cân nặng Thể tíc ||| • Calo: 1 lít sữa mẹ có 600 - 700 kcal. • Protein: lượng protein ở sữa mẹ ít hơn"
kb2,giải pháp hỗ trợ phản xạ oxytocin hoạt động tốt ạ,"• Tạo điều kiện cho bà mẹ luôn ở bên cạnh con.
• Bà mẹ luôn có được cảm giác thoải mái.
• Luôn củng cố niềm tin cho bà mẹ.
• Không đề cập đến bất cứ điều gì làm cho bà mẹ nghi ngờ về khả năng tạo sữa của mình.",0.2,0.2,0.0408,1,Phản xạ Oxytocin • Hoạt động trước và trong bữa bú làm cho sữa tiết ra • Tử cung ||| Hỗ trợ và cản trở phản xạ Oxytocin • Lo lắng • Căng thẳng • Đau • Khong tin tưởn ||| 368 | TÌNH DỤC AN TOÀN VÀ ĐỒNG THUẬN 1. Giới thiệu Hành vi tình dục bao gồm tất  ||| 124 | SỬ DỤNG OXYTOCIN Thuốc oxytocin là thuốc gây co cơ tử cung cả về tần số và ||| Giải pháp hỗ trợ phản xạ oxytocin hoạt động tốt • Tạo điều kiện cho bà mẹ luôn ở
kb2,Dung tích dạ dày của bé sơ sinh trong ngày đầu tiên là bao nhiêu z,Dung tích dạ dày trẻ trong ngày 1 (0-24 giờ) là từ 5 – 7 ml mỗi lần bú.,0.0,0.0,0.0434,0,"| 457 HƯỚNG DẪN KHÁM SỨC KHỎE TRẺ EM ĐỊNH KỲ Hướng dẫn này được sử dụng để khám  ||| Trắc nghiệm: Sự phát triển tinh thần, vận động của bé thế nào là đúng chuẩn? Khi ||| Câu hỏi	Trả lời	Nguồn: Con tôi thường thức ban đêm, ngủ vào ban ngày, vậy bé có  ||| Câu hỏi	Trả lời	Nguồn: Nhiễm trùng mắt ở trẻ sơ sinh là gì?	""Trẻ sơ sinh được tí ||| 89 LỊCH TIÊM CHỦNG CHO BÉ Lứa tuổi Tiêm chủng - Sơ sinh - 2 tháng tuổi - 3 tháng"
kb2,"Đến ngày thứ 3 sau sinh, dung tích dạ dày của bé tăng lên bao nhiêu ạ",Dung tích dạ dày trẻ tăng lên khoảng 22 – 27 ml mỗi lần bú.,0.0,0.0,0.0431,0,"Trắc nghiệm: Sự phát triển tinh thần, vận động của bé thế nào là đúng chuẩn? Khi ||| Câu hỏi	Trả lời	Nguồn: Sau khi sinh None: trẻ vẫn cần nhận vitamin K từ sữa mẹ h ||| Cách điều trị bệnh viêm da cơ địa trẻ 3 tháng tuổi Hỏi Chào bác sĩ ạ. Bé nhà em  ||| 89 LỊCH TIÊM CHỦNG CHO BÉ Lứa tuổi Tiêm chủng - Sơ sinh - 2 tháng tuổi - 3 tháng ||| Chăm sóc ngày thứ 4 và ngày thứ 5 Vào ngày thứ 4 và ngày thứ 5 trong giai đoạn c"
kb2,Dung tích dạ dày bé từ ngày thứ 5 đến ngày thứ 7 sau đẻ là bao nhiêu v a,Khoảng 43 – 57 ml cho mỗi lần bú.,0.0,0.0,0.041,0,"Chăm sóc ngày thứ 4 và ngày thứ 5 Vào ngày thứ 4 và ngày thứ 5 trong giai đoạn c ||| 466 | SỔ THEO DÕI SỨC KHỎE BÀ MẸ VÀ TRẺ EM 1. Công dụng của Sổ theo dõi sức khỏ ||| | 285 * DCTC giải phóng levonorgestrel - Trong vòng 7 ngày đầu kể từ ngày đầu ti ||| Số bữa ăn dặm trong ngày của trẻ từ 6 tháng - 24 tháng Cho trẻ ăn dặm mấy bữa mỗ ||| Tuy nhiên, với những sản phụ đã trải qua giai đoạn chuyển dạ quá khó trước khi q"
kb2,Sưa mẹ chứa bao nhiêu phần trăm là nước các Mom nhỉ,Sữa mẹ chứa tới 88% là nước.,0.0,0.0,0.0444,0,"Câu hỏi	Trả lời	Nguồn: - Tùy theo độ tuổi của bé để bố mẹ cân nhắc việc bổ sung  ||| đường kính ít nhất 3 m. - Các công trình và vật liệu gây ô nhiễm hay gây độc (bu ||| Câu hỏi	Trả lời	Nguồn: • Uống nhiều nước. Các loại nước lạnh None: chua,có mùi d ||| CƠ THỂ PHÁT TRIỂN, TRÍ TUỆ PHÁT TRIỂN ĐỒ CHƠI TỰ LÀM HOẶC SẴN CÓ Vật dụng trong  ||| Các loại bóng bay luôn có sức hấp dẫn mãnh liệt với trẻ và lúc này bé đã có thể "
kb2,Tại sao k nên cho bé bú bình hoặc dùng núm vú giả ạ,"Trẻ bú bằng bình với núm vú giả vì sẽ làm cho trẻ quen bú vú giả bỏ bú mẹ sau này, gây giảm bú và giảm sản xuất sữa.",1.0,1.0,0.0555,5,Hậu quả trẻ ngậm bắt vú sai • Đau núm vú • Tổn thương núm vú • Cương tức vú • Tr ||| Điều kiện 9 Không cho trẻ nhỏ ngậm đầu vú cao su hoặc vú ngậm giả • Đầu vú cao s ||| Điều kiện 8 Khuyến khích cho trẻ bú mẹ theo nhu cầu. Bú theo nhu cầu là cho trẻ  ||| Câu hỏi	Trả lời	Nguồn: - Cũng có thể đơn giản là do tư thế cho bé bú chưa đúng c ||| Nuôi con khi trẻ không chịu bú mẹ (1) Các dấu hiệu nhận biết trẻ không chịu bú m
kb2,Hormon nào chịu trách nhiệm tạo sưa và hormon nào giúp phun sưa ai ơi,Prolactin giúp tạo sữa và Oxytocin giúp phun sữa (tống sữa ra ngoài).,0.2,0.2,0.0491,1,"198 | 2.2. Cận lâm sàng: - FSH ≥ 40mIU/ml - Estradiol < 30pg/ml 2.3 Chẩn đoán -  ||| 3 ĐẾN 6 TUỔI BẠN CÓ THỂ LÀM GÌ ĐỂ BÉ THẤY ĐƯỢC AN TOÀN, YÊN TÂM, YÊU THƯƠNG VÀ T ||| 62 | - Ký hiệu ghi độ lọt của ngôi thai được ghi bằng dấu O, nối các điểm với nh ||| 56 hormone cần thiết trong cơ th ể ngăn rụng tr ứng, làm m ỏng niêm mạc tử cung, ||| 1 CHƯƠNG 1: NHỮNG THAY ĐỔI CỦA BÀ MẸ SAU SINH THAY ĐỔI VỀ NỘI TIẾT Sụt giảm nồng"
kb2,Kích thích phản xạ oxytocin trước khi vắt sữa có quan trọng không z ạ,"Phản xạ oxytocin rất quan trọng giúp tống sữa ra ngoài. Khi bà mẹ vắt sữa, phản xạ oxytocin không thể hoạt động tốt bằng khi trẻ bú. Bà mẹ cần biết cách hỗ trợ cho phản xạ oxytocin, nếu không bà mẹ sẽ gặp khó khăn trong việc vắt sữa.",1.0,1.0,0.046,5,"Phản xạ Oxytocin • Hoạt động trước và trong bữa bú làm cho sữa tiết ra • Tử cung ||| 56 hormone cần thiết trong cơ th ể ngăn rụng tr ứng, làm m ỏng niêm mạc tử cung, ||| Chuẩn bị vắt sữa Chuẩn bị dụng cụ đựng sữa • Chọn một chiếc cốc, ly, lọ hoặc bìn ||| Kích thích phản xạ oxytocin Giúp đỡ bà mẹ vê tâm lý : • Xây dựng niềm tin. • Giả ||| Giải pháp hỗ trợ phản xạ oxytocin hoạt động tốt • Tạo điều kiện cho bà mẹ luôn ở"
kb2,Nếu vú đầy sữa thì sự bài tiết sữa sẽ như thế nào ạ,Nếu vú đầy sữa thì sự bài tiết sữa sẽ dừng lại.,1.0,1.0,0.055,5,Các yếu tố ức chế trong sữa mẹ Nếu vú đầy sữa thì sự bài tiết sữa sẽ dừng lạiChấ ||| Vú căng sữa và cương tức (1) 1. Vú căng sữa ; 2 Cương tức ||| Đặc điểm giải phẫu vú Núm vú Xoang sữa Ống dẫn sữa Tuyến Montgomery Quầng vú Các ||| Viêm vú và tắc ống dẫn sữa Nguyên nhân • Sữa lưu thông kém tại toàn bộ bầu vú là ||| Vú căng sữa và cương tức (2) Vú căng sữa Vú cương tức • Nóng • Đau • Nặng • Phù 
kb2,Hậu quả của việc bé nhà t ngậm bắt vú sai là j,"Gây đau,tổn thương núm vú, cương tức vú, trẻ bú không đủ sữa, trẻ đòi bú liên tục, mỗi lần bú kéo dài hơn bình thường, giảm sự tạo sữa và trẻ không tăng cân.",0.5,0.5333,0.0484,3,"3/8 Nhìn từ bên ngoài Nhìn từ bên trong 3/9 Kỹ thuật cho trẻ ngậm bắt vú (1) Dấu ||| Viêm vú và tắc ống dẫn sữa Nguyên nhân • Sữa lưu thông kém tại toàn bộ bầu vú là ||| Dấu hiệu ngậm bắt vú đúng Kỹ thuật cho trẻ ngậm bắt vú (1) 3/7 Ngậm bắt vú đúng  ||| Phản xạ tìm kiếm Khi có một vật chạm vào môi, trẻ mở miệng đưa lưỡi xuống dưới v ||| 37 Cách nâng bầu vú khi cho trẻ bú - Ngón tay cái để trên vú. - Các ngón tay còn"
kb2,Có bao nhiêu trường hợp các Mom đc khuyến nghị cần vắt sưa,"Có 7 trường hợp chính:                                                                                                                                       1. Để lại sữa cho con khi mẹ đi làm.
2. Nuôi trẻ nhẹ cân, không thể bú mẹ được.
3. Nuôi trẻ bệnh, không thể bú đủ.
4. Duy trì nguồn sữa khi bà mẹ hoặc trẻ bị ốm.
5. Ngăn không cho sữa chảy ra khi mẹ đi làm xa.
6. Giúp trẻ ngậm bắt bầu vú đang căng đầy.
7. Giúp cải thiện tình trạng cương tức vú",0.0,0.0,0.05,0,"7 Sản dịch: - Là d ịch t ừ trong đư ờng sinh d ục mà ch ủ yếu là t ừ buồng tử cu ||| AN TOÀN VÀ PHÒNG CHỐNG THƯƠNG TÍCH • Trẻ em không an toàn khi đi trên máy kéo và ||| 3 ĐẾN 6 TUỔI BẠN CÓ THỂ LÀM GÌ ĐỂ BÉ THẤY ĐƯỢC AN TOÀN, YÊN TÂM, YÊU THƯƠNG VÀ T ||| 160 | - Đặt tiếp cành thứ hai, đối xứng để khớp với cành thứ nhất. Nếu cành thứ  ||| XỬ LÝ CÁC VẤN ĐỀ VỀ HÀNH VI ĂN VẠ ĐIỀU GÌ ĐANG XẢY RA? “Nếu bé tức giận hoặc khô"
kb2,Cách chuẩn bị dụng cụ đựng sưa trước khi vắt như thế nào,"Chọn cốc miệng rộng, rửa bằng xà phòng và nước(bà mẹ có thể chuẩn bị từ hồm trước), rót nước sôi vào cốc và để trong vài phút. Nước đang sôi sẽ tiêu diệt hầu hết các vi khuẩn. Khi đã sẵn sàng vắt sữa thì đỏ nước đi.",1.0,1.0,0.0391,1,"Chuẩn bị vắt sữa Chuẩn bị dụng cụ đựng sữa • Chọn một chiếc cốc, ly, lọ hoặc bìn ||| 160 | - Đặt tiếp cành thứ hai, đối xứng để khớp với cành thứ nhất. Nếu cành thứ  ||| 16 | 1.4.2. Sấy khô. - Phương pháp này chỉ dùng cho các dụng cụ y tế bằng kim lo ||| AN TOÀN VÀ PHÒNG CHỐNG THƯƠNG TÍCH • Trẻ em không an toàn khi đi trên máy kéo và ||| chỉ định. * Lưu ý - Theo dõi nhịp tim, quan sát các dấu hiệu suy hô hấp trong su"
kb2,Sưa mẹ bảo quản trong ngăn mát tủ lạnh (<4°C) đc bao lâu mn ơi,Tốt nhất trong 4 ngày và có thể để tới 8 ngày.,1.0,1.0,0.0581,1,"Bảo quản sữa mẹ đã vắt ra Nơi bảo quản Nhiệt độ Thời gian bảo quản  Ở nhiệt độ  ||| Tránh các loại chai/ túi có ký hiệu tái chế số 7 (Bisphenol-A), biểu tượng này c ||| 1 ĐẾN 2 TUỔI NHỮNG HOẠT ĐỘNG BẠN CÓ THỂ LÀM CÙNG BÉ • Đọc và kể chuyện. Xem và đ ||| Sữa mẹ có thể được bảo quản trong túi đá giữ nhiệt tối đa 24 giờ nếu bạn đi du l ||| | 417  Bơm hút MVA Plus, ống hút Ipas EasyGrip và ống hút mềm Karman có thể sử "
kb2,Thời gian bảo quản sưa mẹ trong ngăn đá tủ lạnh (-18 đến -20°C),Tốt nhất trong 6 tháng và có thể lên tới 12 tháng.,0.0,0.0,0.0565,0,"Bảo quản sữa mẹ đã vắt ra Nơi bảo quản Nhiệt độ Thời gian bảo quản  Ở nhiệt độ  ||| Tránh các loại chai/ túi có ký hiệu tái chế số 7 (Bisphenol-A), biểu tượng này c ||| Câu hỏi	Trả lời	Nguồn: Trẻ bú bao nhiêu lần trong ngày là đủ ? khoảng cách giữa  ||| Sữa mẹ có thể được bảo quản trong túi đá giữ nhiệt tối đa 24 giờ nếu bạn đi du l ||| | 399 HƯỚNG DẪN CHUNG Phá thai là chủ động sử dụng các phương pháp khác nhau để "
kb2,Cách rã đông và làm nóng sưa mẹ đã vắt ra đúng cách như thế nào v ạ,"• Rã đông sữa: Đưa sữa lên ngăn mát tủ lạnh cho đỡ đông sau đó để ở nhiệt độ thường cho tan hết đá, lắc đều sữa rồi làm nóng sữa.
• Làm nóng sữa: Ngâm bình sữa trong nước nóng vài phút khi sữa ấm lên là được. Không đun sôi sữa, không làm nóng sữa bằng lò vi sóng.",1.0,0.8875,0.0593,4,"Sữa mẹ có thể được bảo quản trong túi đá giữ nhiệt tối đa 24 giờ nếu bạn đi du l ||| 52 - Không l ắc bình s ữa m ới rã đông và tránh rã đông nhanh trong nước sôi. ||| 49 - Trước khi vắt sữa, bà mẹ cần rửa tay sạch sẽ và dùng khăn mềm, sạch lau qua ||| Chuẩn bị vắt sữa Chuẩn bị dụng cụ đựng sữa • Chọn một chiếc cốc, ly, lọ hoặc bìn ||| Cho trẻ ăn sữa mẹ đã vắt ra • Rã đông sữa: Đưa sữa lên ngăn mát tủ lạnh cho đỡ đ"
kb2,10 điều kiện nuôi con bằng sưa mẹ thành công bao gồm những j,"Các cơ sở y tế có nhiệm vụ chăm sóc sức khoẻ bà mẹ và trẻ em cần:
1. Có bản qui định về nuôi con bằng sữa mẹ và được phổ biến thường xuyên cho cán bộ y tế.
2. Đào tạo cho tất cả cán bộ y tế những kỹ năng cần thiết để thực hiện quy định này.
3. Thông tin cho tất cả phụ nữ có thai về lợi ích và cách thực hiện nuôi con bằng sữa mẹ.
4. Giúp các bà mẹ bắt đầu cho con bú trong vòng 1 giờ đầu sau đẻ.
5. Chỉ dẫn cho các bà mẹ cách cho con bú và duy trì nguồn sữa ngay cả khi phải xa con.
6. Không cho trẻ sơ sinh bất cứ đồ ăn thức uống gì ngoài sữa mẹ, trừ khi có chỉ định của y tế.
7. Thực hiện mẹ con ở cùng phòng để con gần mẹ suốt 24 giờ trong ngày.
8. Khuyến khích cho trẻ bú theo nhu cầu.
9. Không cho trẻ nhỏ đang bú mẹ ngậm bất cứ loại vú giả hoặc đầu vú cao su nào.
10. Khuyến khích thành lập các nhóm hỗ trợ nuôi con bằng sữa mẹ và giới thiệu các bà mẹ tới đó sau khi họ ra viện.",1.0,0.7,0.0474,3,"Điều kiện 1 Có bản qui định về nuôi con bằng sữa mẹ và được phổ biến thường xuyê ||| Cha mẹ của trẻ có thể sẽ ngạc nhiên về những trò chơi thú vị mà họ có thể mang l ||| | 399 HƯỚNG DẪN CHUNG Phá thai là chủ động sử dụng các phương pháp khác nhau để  ||| Tắc tia sữa sau sinh: Nguyên nhân, biểu hiện, chẩn đoán và phòng ngừa 19/06/2023 ||| Tránh các loại chai/ túi có ký hiệu tái chế số 7 (Bisphenol-A), biểu tượng này c"
kb2,Bú mẹ theo nhu cầu đc định nghĩa như thế nào chat ơi,"Bú theo nhu cầu là cho trẻ bú bất cứ khi nào trẻ hoặc bà mẹ muốn, không hạn chế
thời gian và số lần bú.",0.3333,0.3333,0.0824,1,"Câu hỏi	Trả lời	Nguồn: Nghén ảnh hưởng như thế nào đến thai?	""Lắng nghe không ph ||| Đặc biệt, Cá hồi là món cung cấp chất dinh dưỡng rất thích hợp cho những bà mẹ m ||| MẪU QUAN SÁT MỘT BỮA BÚ (1) Tên bà mẹ ............................. Ngày quan sá ||| TÓM TẮT NỘI DUNG CHIẾN LƯỢC TOÀN CẦU VỀ NDTN (1) Cần thúc đẩy các Quốc gia trên "
kb2,Dấu hiệu chắc chắn cho thấy các Mom k đủ sưa là j,"Trẻ tăng cân kém: dưới 500g/1tháng (trong 6 tháng đầu trả phải tăng ít nhất 500gam/1tháng). Đi tiểu ít(dưới 6 lần/ngày) và nước tiểu cô đặc, nặng mùi và có màu vàng.",0.0,0.0,0.064,0,"62 | - Ký hiệu ghi độ lọt của ngôi thai được ghi bằng dấu O, nối các điểm với nh ||| 366 | KỸ NĂNG SỐNG LIÊN QUAN ĐẾN SỨC KHỎE SINH SẢN/SỨC KHỎE TÌNH DỤC CỦA VỊ THÀN ||| 266 |  Cố định đầu trẻ bằng tay phải, cầm đèn bằng tay trái. Đưa lưỡi đèn vào d ||| 0 ĐẾN 6 THÁNG TUỔI ĐỒ CHƠI GIÚP BÉ VUI VÀ HỌC Những thứ để nhìn: • Đồ vật di độn"
kb2,Cách xử trí khi vú bị căng sưa hoặc cương tức fải làm sao,"Cho con bú thường xuyên hơn, bú đúng cách và dùng bơm để hút bớt sữa ra.",1.0,0.7,0.0454,3,"Nuôi con nhỏ khi bà mẹ gặp khó khăn về tình trạng vú Tình trạng khó khăn về vú t ||| Vú căng sữa và cương tức (1) 1. Vú căng sữa ; 2 Cương tức ||| 440 | XƠ CỨNG VẬT HANG 1. Đại cương Bệnh xơ cứng vật hang còn gọi là bệnh La Pey ||| Vú căng sữa và cương tức (2) Vú căng sữa Vú cương tức • Nóng • Đau • Nặng • Phù  ||| 40 - Bầu ngực của mẹ bắt đầu xuất hiện những cục cứng, gồ ghể, có kích thước khá"
kb2,Nguyên nhân gây tắc ống dẫn sưa và viêm vú là j mn ơi,"Nguyên nhân:                                                                                                                                                                     • Sữa lưu thông kém tại toàn bộ bầu vú là do bà mẹ không cho trẻ bú thường xuyên hoặc trẻ bú không hiệu quả. Trẻ ngậm bắt vú không đúng.
• Sữa lưu thông kém tại một phần vú có thể do bú không hiệu quả, áo quá chật đè vào bầu vú, đặc biệt là áo nịt ngực vào ban đêm, hoặc ngón tay bà mẹ kẹp vào bầu vú khi cho trẻ bú.
• Trẻ ngậm bắt vú kém sẽ làm nứt núm vú, từ đó vi khuẩn sẽ xâm nhập vào mô vú và có thể gây ra viêm vú.",1.0,1.0,0.0422,5,"Triệu chứng và mối liên hệ giữa tắc ống dẫn sữa và viêm vú ||| 42 khiến sữa bị tắc, không thể thoát ra ngoài d ẫn đến tình trạng sữa đông kết,  ||| | 181 BỆNH VÚ LÀNH TÍNH 1. Đại cương Bệnh vú lành tính là tất cả các bệnh lý của ||| Nuôi con nhỏ khi bà mẹ gặp khó khăn về tình trạng vú Tình trạng khó khăn về vú t ||| Tắc tia sữa sau sinh: Nguyên nhân, biểu hiện, chẩn đoán và phòng ngừa 19/06/2023"
kb2,Cách xử trí nứt núm vú cho mẹ bỉm sau bú bs ơi,"Sau mỗi lần trẻ bú hãy vắt một ít sữa bôi xung quanh núm và đầu vú. Điều này sẽ giúp chóng lành vết thương. Không nên rửa đầu vú bằng xà phòng hoặc khắc khô ráp, làm mất đi chất dầu tự nhiên có ở da núm vú càng gây khô nứt hơn hoặc dùng các loại thuốc hoặc dầu bôi sẽ gây kích ứng da núm vú và chưa có bằng chứng nói rằng các loại thuốc này có tác dụng.",1.0,1.0,0.0512,5,Nuôi con nhỏ khi bà mẹ gặp khó khăn về tình trạng vú Tình trạng khó khăn về vú t ||| 38 - Cho trẻ bú không đúng cách - Tắc tia sữa - Áo ngực quá chặt Biểu hiện - Hai ||| Viêm vú và tắc ống dẫn sữa Nguyên nhân • Sữa lưu thông kém tại toàn bộ bầu vú là ||| Xử trí các trường hợp núm vú phẳng và tụt vào trong (1) • Cải thiện tình trạng v ||| Điều trị tắc ống dẫn sữa và viêm vú Cải thiện sự lưu thông sữa ở phần vú bị bệnh
kb2,Triệu chứng khi núm vú bị nhiễm nấm Candida các Mom ơi,"Triệu chứng
• Núm vú của bà mẹ rất đau và ngứa. Đau phải bỏng như có kim châm vào.
• Da bầu vú có thể đỏ, căng bóng và bong ra từng mảng. Núm vú và quầng vú
có thể mất đi một số sắc tố.
• Thường xảy ra sau khi điều trị viêm vú hoặc nhiễm khuẩn khác.
• Kiểm tra xem trẻ có bị tưa, đốm trắng ở miệng hoặc đốm nốt ở mông.",1.0,0.8042,0.0537,4,Núm vú nhiễm nấm Candida Triệu chứng • Núm vú của bà mẹ rất đau và ngứa. Đau phả ||| Khảo sát chất tiết âm đạo Soi tươi với nước muối sinh lý: - Vài đến nhiều tế bào ||| Nấm miệng (tưa miệng) ở trẻ nhỏ Hình ảnh của nấm miệng là các mảng trắng hoặc và ||| | 181 BỆNH VÚ LÀNH TÍNH 1. Đại cương Bệnh vú lành tính là tất cả các bệnh lý của ||| 43 - Cho con bú không đúng tư th ế gây tổn thương đầu vú mẹ - Sử dụng má y hút s
kb2,Bé sinh thấp cân đc kđịnh nghĩa là j vậy ạ,"Là trẻ sinh ra có cân nặng dưới 2500 gram, bao gồm cả trẻ sinh non và sinh đủ tháng.",1.0,1.0,0.0453,1,"Đặc điểm chung của trẻ sinh thấp cân • Trẻ sinh thấp cân là trẻ sinh ra có cân n ||| Trẻ 21 tháng chậm phát triển chiều cao, chân tay ngắn có nguy cơ mắc bệnh lùn kh ||| Câu hỏi	Trả lời	Nguồn: - Ngoài kiểm tra sức khỏe cho người mẹ None: trẻ sơ sinh  ||| lâm sàng. - Eo dưới: góc vòm vệ nhọn là khung chậu giới hạn eo dưới. 2.3.2. Các  ||| Dấu hiệu cảnh báo trẻ chậm biết đi Bài viết được tư vấn chuyên môn bởi Bác sĩ ch"
kb2,Lượng sưa cần cho bé nhà mình từ khi sinh đến 1 tháng tuổi là bao nhiêu mỗi ngày,"Tổng cộng khoảng 480 ml/ngày, chia làm 8 bữa, mỗi bữa 60 ml.",0.5,0.5,0.0563,1,"Số bữa ăn dặm trong ngày của trẻ từ 6 tháng - 24 tháng Cho trẻ ăn dặm mấy bữa mỗ ||| Ước tính lượng sữa cần cho trẻ mỗi ngày Tuổi của trẻ Số bữa ăn/ngày Lượng sữa/bữ ||| Trắc nghiệm: Sự phát triển tinh thần, vận động của bé thế nào là đúng chuẩn? Khi ||| 14 Duy trì sức khỏe trẻ • Kiểm tra xác định bé dựa trên mẹ vào mỗi ca trực • Thự ||| Câu hỏi	Trả lời	Nguồn: Sau khi sinh None: trẻ vẫn cần nhận vitamin K từ sữa mẹ h"
kb2,Tổng lượng sưa cần thiết cho bé từ 4 đến 6 tháng tuổi mỗi ngày,"Khoảng 900 ml/ngày, chia làm 6 bữa, mỗi bữa 150 ml.",0.5,0.5,0.056,1,Số bữa ăn dặm trong ngày của trẻ từ 6 tháng - 24 tháng Cho trẻ ăn dặm mấy bữa mỗ ||| Ước tính lượng sữa cần cho trẻ mỗi ngày Tuổi của trẻ Số bữa ăn/ngày Lượng sữa/bữ ||| các dị tật của thai Nếu có điều kiện: xét nghiệm triple test vào tuổi thai 16 -1 ||| 466 | SỔ THEO DÕI SỨC KHỎE BÀ MẸ VÀ TRẺ EM 1. Công dụng của Sổ theo dõi sức khỏ ||| 14 Duy trì sức khỏe trẻ • Kiểm tra xác định bé dựa trên mẹ vào mỗi ca trực • Thự
kb2,Kỹ thuật cho bé ăn bằng cốc đúng cách là như thế nào mn ơi,"Hướng dẫn bà mẹ cho trẻ ăn bằng cốc
• Rửa tay sạch.
• Chuẩn bị lượng sữa đủ một bữa ăn của trẻ
• Bế trẻ ngồi thẳng hoặc nghiêng trong lòng mẹ
• Đặt cốc vào môi trẻ, nghiêng cốc sao cho sữa vừa chạm vào môi trẻ giúp trẻ cảm nhận được và dùng lưỡi liếm, mút sữa vào miệng.
• Không rót sữa vào miệng trẻ để tập phản xạ mút cho trẻ.
• Khi nhận đủ sữa trẻ sẽ ngậm miệng lại không ăn nữa.
• Đo lượng sữa trẻ ăn được theo ngày (không tính theo bữa) để đảm bảo trẻ nhận đủ sữa cần thiết.",1.0,1.0,0.0509,5,"Hướng dẫn bà mẹ cho trẻ ăn bằng cốc • Rửa tay sạch. • Chuẩn bị lượng sữa đủ một  ||| Cho bé ăn dặm từ lỏng đến đặc Nên cho trẻ ăn bột loãng từ 2 - 3 ngày sau đó tăng ||| Phản xạ tìm kiếm Khi có một vật chạm vào môi, trẻ mở miệng đưa lưỡi xuống dưới v ||| Điều kiện 9 Không cho trẻ nhỏ ngậm đầu vú cao su hoặc vú ngậm giả • Đầu vú cao s ||| CHĂM SÓC TRẺ C H Ă M S Ó C R Ă N G M I Ệ N G C Ủ A T R Ẻ Khi trẻ 3 tuổi, trẻ sẽ "
kb2,Hậu quả của thiếu dinh dưỡng trong 3 tháng cuối thai kỳ là j v,Con đẻ ra có nguy cơ bị nhẹ cân và mắc bệnh tiểu đường về sau.,0.0,0.0,0.048,0,"Tầm quan trọng của chăm sóc dinh dưỡng bà mẹ thời kỳ mang thai và NCBSM Tình trạ ||| Câu hỏi	Trả lời	Nguồn: • Một số nghiên cứu cho thấy uống vitamine 3 tháng trước  ||| Nếu XNTĐH dương tính cần khám chuyên ngành nội khoa kết hợp với thăm khám thai đ ||| Câu hỏi	Trả lời	Nguồn: Trẻ sơ sinh gần như ngủ suốt ngày đêm None: chỉ thức dậy  ||| Khóc mà không có lý do rõ ràng. Khó ngủ, khó ăn và khó đưa ra lựa chọn. Tự hỏi l"
kb2,Phụ nữ Châu Á mang thai nên tăng bao nhiêu kg là hợp lý v,Mức tăng cân trung bình nên đạt từ 10 - 12 kg.,0.0,0.0,0.0581,0,"Khuyến nghị tăng cân hợp lý khi mang thai Khuyến nghị mức tăng cân dựa trên tình ||| Câu hỏi	Trả lời	Nguồn: Một số yếu tố làm tăng nguy cơ mắc tiểu đường thai kỳ là  ||| Nếu sản phụ gặp khó khăn khi đi đại tiện, lưu ý không nên dùng sức để rặn mà nên ||| Nhu cầu năng lượng của phụ nữ Việt Nam theo lứa tuổi, tình trạng sức khỏe và mức ||| | 39 TƯ VẤN CHO PHỤ NỮ CÓ THAI Tư vấn cho phụ nữ có thai là quá trình giao ti ếp"
kb2,Nhu cầu năng lượng bổ sung hàng ngày cho mẹ bỉm nuôi con bú 6 tháng đầu,Cần bổ sung thêm khoảng 505 - 675 kcal mỗi ngày so với bình thường(tương đương 3 bát cơm).,0.2,0.2,0.1134,1,Số bữa ăn dặm trong ngày của trẻ từ 6 tháng - 24 tháng Cho trẻ ăn dặm mấy bữa mỗ ||| Nuôi con bằng sữa mẹ trong 7 ngày đầu sau sinh • Cho trẻ tiếp xúc da kề da và bú ||| Nhu cầu năng lượng theo tuổi của trẻ và năng lượng từ sữa mẹ ||| KHUYẾN NGHỊ VỀ NCBSM (2) Cho trẻ bú kéo dài đến 24 tháng hoặc lâu hơn • Từ 6 thá ||| Nhu cầu dinh dưỡng của bà mẹ thời kỳ mang thai và NCBSM Nhu cầu dinh dưỡng /ngày
kb2,Những loại đồ uống nào mẹ bỉm mang thai nên hạn chế ạ,"Không nên dùng các loại đồ uống kích thích như rượu, cà phê, thuốc lá, nước chè đặc...",1.0,1.0,0.0484,1,"Những đồ ăn thức uống nên hạn chế Khi mang thai • Không nên dùng các loại đồ uốn ||| Sữa mẹ có thể được bảo quản trong túi đá giữ nhiệt tối đa 24 giờ nếu bạn đi du l ||| Câu hỏi	Trả lời	Nguồn: • Uống nhiều nước. Các loại nước lạnh None: chua,có mùi d ||| | 37 6. Cung cấp thuốc thiết yếu. - Thuốc sốt rét (vùng sốt rét lưu hành) theo p ||| Câu hỏi	Trả lời	Nguồn: Tác hại của việc uống quá nhiều sữa là gì?	""Mặc dù sữa tư"
kb2,Khuyến nghị về số lần khám thai tối thiểu trong thai kỳ các Mom,"Nên đi khám thai ít nhất 3 lần, mỗi quý khám thai một lần.",0.5,0.45,0.0539,2,"42 | QUẢN LÝ THAI Quản lý thai là các biện pháp giúp cán bộ y tế xã nắm chắc số  ||| Câu hỏi	Trả lời	Nguồn: Em đang trong giai đoạn hậu sản, cho em hỏi kinh nguyệt s ||| | 91 3.3. Chửa trứng. Chửa trứng là bệnh của rau trong đó gai rau thoái hóa thàn ||| các dị tật của thai Nếu có điều kiện: xét nghiệm triple test vào tuổi thai 16 -1 ||| trong 3 tháng đầu thai kỳ và tốt nhất là cho phụ nữ muốn có thai. Đặc biệt ở nhữ"
kb2,Đặc tính của sữa non là j,"• Bài tiết trong vài ngày đầu sau đẻ.
• Sữa non sánh đặc có màu vàng nhạt hoặc trong.
• Nhiều năng lượng, chất đạm, Nhiều vitamin A, kháng thể và tế bào bạch cầu.
• có tác dụng xổ nhẹ giúp trẻ thải phân su.
• Là thức ăn tốt nhất cho trẻ trong tuần đầu, đã có sẵn ở vú mẹ ngay khi sinh.",1.0,1.0,0.0454,5,"Sự khác nhau giữa sữa non và sữa trưởng thành Fat Protein Lactose Sữa đầu Sữa cu ||| Các yếu tố ức chế trong sữa mẹ Nếu vú đầy sữa thì sự bài tiết sữa sẽ dừng lạiChấ ||| Câu hỏi	Trả lời	Nguồn: Không nên cho trẻ uống sữa vắt trực tiếp None: thay vào đ ||| Câu hỏi	Trả lời	Nguồn: Độ tuổi nào thì nên cho bé dùng sữa tươi?	""Sữa tươi chứa  ||| 51 Trong ngăn mát tủ lạnh, nhiệt độ ≤-4 độ C thời gian bảo quản tốt nhất 4 ngày "
kb2,Sự khác biệt về hàm lượng Protein giữa sưa mẹ và sữa bò mn nhỉ,• Lượng protein trong sữa mẹ: Lượng chính xác và dễ tiêu hóa.                                                                • Lượng protein trong sữa bò: khó tiêu hóa.,1.0,1.0,0.0511,5,Sự khác nhau về chất lượng protein trong các loại sữa Sữa bòSữa người Whey prote ||| So sánh các chất dinh dưỡng trong sữa mẹ và sữa động vật ||| Sự khác nhau giữa sữa non và sữa trưởng thành Fat Protein Lactose Sữa đầu Sữa cu ||| Câu hỏi	Trả lời	Nguồn: - Thành phần dinh dưỡng trong sữa tươi có chứa rất ít sắt ||| Câu hỏi	Trả lời	Nguồn: Sữa tươi hay sữa bột đều có những ưu và nhược điểm của nó
kb2,Lợi ích của việc cho bé tiếp xúc da kề da ngay sau sinh ai ơi,"Đặt trẻ tiếp xúc da kề da với mẹ ngay sau sinh nhằm kích thích hành vi
bản năng của trẻ để tìm vú mẹ và tự ngậm bắt vú bú bữa bú đầu tiên.",1.0,0.8056,0.0484,3,Giúp các bà mẹ cho con bú ngay sau sinh trong vòng 1 giờ đầu. • Đặt trẻ tiếp xúc ||| Câu hỏi	Trả lời	Nguồn: - Để hạn chế nguy cơ nhiễm trùng do việc gãi nhiều None:  ||| 3 Chăm sóc ngay sau sinh • Bú mẹ đầu tiên được khuyến khích càng sớm càng tốt ng ||| 4 Tiếp xúc da kề da ngay • Những bà mẹ cho trẻ tiếp xúc da kề da ngay sau sinh s ||| Câu hỏi	Trả lời	Nguồn: Cung cấp đủ ẩm không chỉ giúp da khỏe mạnh hơn mà còn giú
kb2,Sưa đầu bữa bú và sưa cuối bữa bú khác nhau như thế nào các me,"• Sữa đầu bữa bú: bài tiết ở đầu bữa bú của trẻ, thường loãng, màu hơi xanh, số lượng nhiều, chủ yếu cung cấp đạm, đường lactose, nước và các chất dinh dưỡng khác
• Sữa cuối bữa bú: bài tiết cuối bữa bú của trẻ. Sữa cuối bữa mầu trắng đục vì chứa nhiều chất béo, chất béo này cung cấp nhiều năng lượng.",1.0,1.0,0.0504,5,"Điều kiện 8 Khuyến khích cho trẻ bú mẹ theo nhu cầu. Bú theo nhu cầu là cho trẻ  ||| Câu hỏi	Trả lời	Nguồn: - Không bú hoặc ăn bú quá ít None: ||| SỮA TRƯỞNG THÀNH  Bài tiết từ ngày 2, hiện tượng căng sữa  Số lượng nhiều, đủ  ||| Hậu quả trẻ ngậm bắt vú sai • Đau núm vú • Tổn thương núm vú • Cương tức vú • Tr ||| Nuôi dưỡng trẻ sinh thấp cân (1) Nuôi con bằng sữa mẹ cho trẻ sinh thấp cân có t"
kb2,Vitamin nào có hàm lượng cao trong sưa non giúp giảm mức độ nhiễm khuẩn,Vitamin A.,0.0,0.0,0.05,0,"Câu hỏi	Trả lời	Nguồn: - Thành phần dinh dưỡng trong sữa tươi có chứa rất ít sắt ||| 358 | Chẩn đoán Phác đồ 1 Phác đồ 2 Phác đồ 3 Ghi chú 24. Trùng roi âm đạo. Metr ||| Câu hỏi	Trả lời	Nguồn: • Một số nghiên cứu cho thấy uống vitamine 3 tháng trước  ||| Câu hỏi	Trả lời	Nguồn: Vì sao nên phơi nắng cho trẻ sơ sinh?	""Ánh nắng mặt trời  ||| 2 giảm nội tiết t ố nữ, sẽ gặp phải những triệu chứng như rụng tóc, dị ứng, khô "
kb2,Tại sao các Mom nên cho bé bú hết 1 bên vú rồi ms chuyển sang vú kia,Cho trẻ bú hết từng bên vú để nhận được sữa cuối có nhiều chất béo. Sau đó chuyển sang vú bên kia nếu trẻ còn muốn bú.,1.0,1.0,0.0481,5,Điều kiện 8 Khuyến khích cho trẻ bú mẹ theo nhu cầu. Bú theo nhu cầu là cho trẻ  ||| Viêm vú và tắc ống dẫn sữa Nguyên nhân • Sữa lưu thông kém tại toàn bộ bầu vú là ||| MẪU QUAN SÁT MỘT BỮA BÚ (3) Ngậm bắt vú của trẻ □ Quầng vú phía trên miệng trẻ c ||| 38 - Cho trẻ bú không đúng cách - Tắc tia sữa - Áo ngực quá chặt Biểu hiện - Hai ||| 218 | 3. Cho con bú trong những ngày đầu. - Giải thích những thay đổi về vú tron
kb2,Lợi ích của việc nuôi con bằng sưa mẹ đối với tử cung của mẹ sau sinh,Giúp tử cung co hồi tốt và cầm máu sau sinh.,0.0,0.0,0.0485,0,"Lợi ích của nuôi con bằng sữa mẹ NCBSM • Giúp tăng cường tình cảm mẹ con, bảo đả ||| 6 sau đẻ không sờ được tử cung trên khớp vệ nữa. Sự co hồi tử cung phụ thuộc vào ||| Mikito Tsurugi (38 tuổi), một nhạc sĩ kiêm họa sĩ truyện tranh, và vợ - Kyoko (3 ||| Điều kiện 7 Thực hiện mẹ và con ở cùng phòng để con gần mẹ suốt 24 giờ trong ngà ||| | 217 TƯ VẤN NUÔI CON BẰNG SỮA MẸ Sữa mẹ là nguồn dinh dưỡng quý giá nh ất giúp "
kb2,Nuôi con bằng sưa mẹ giúp giảm nguy cơ mắc bệnh j cho mẹ sau này,"Giảm nguy cơ ung thư vú, ung thư tử cung và giảm thiếu máu.",0.0,0.0,0.0509,0,"Lợi ích của nuôi con bằng sữa mẹ NCBSM • Giúp tăng cường tình cảm mẹ con, bảo đả ||| Nếu chứng trầm cảm của bạn trở nên tồi tệ hơn ngay sau khi bắt đầu dùng thuốc ho ||| 10 điều kiện NCBSM thành công Các cơ sở y tế có nhiệm vụ chăm sóc sức khoẻ bà mẹ ||| LỢI ÍCH CỦA NCBSM VỚI MẸ  Giúp xổ rau sau sinh thuận lợi  Giúp co hồi tử cung  ||| Ngành y tế Hoa Kỳ đang cố gắng giảm tỷ lệ tử vong bà mẹ sau sinh bằng cách đảm b"
kb2,Bé nhận sưa mẹ hoàn toàn có cần uống thêm nước trắng k mn ơi,"Không, vì sữa mẹ đã chứa đủ nước (88%) nên bà mẹ không cần cho trẻ uống
thêm nước khi trẻ được bú mẹ hoàn toàn.",1.0,1.0,0.0461,5,"Câu hỏi	Trả lời	Nguồn: Bé 2 tuổi nên chọn loại sữa tươi dạng nguyên kem None: nế ||| Một đứa trẻ được coi là bú mẹ hoàn toàn khi chỉ nhận được sữa mẹ, không có bất k ||| Câu hỏi	Trả lời	Nguồn: Sau khi sinh None: trẻ vẫn cần nhận vitamin K từ sữa mẹ h ||| SỮA TRƯỞNG THÀNH  Bài tiết từ ngày 2, hiện tượng căng sữa  Số lượng nhiều, đủ  ||| Câu hỏi	Trả lời	Nguồn: Tùy thuộc vào độ tuổi để chúng ta bổ sung thêm sữa cho tr"
kb2,Các loại nước uống nào tuyệt đối k cho bé uống trước bữa bú đầu tiên,"Không cho trẻ uống các loại nước uống trước bữa bú đầu tiên như cam thảo, mật ong, nước đường hoặc sữa công thức để tránh ảnh hưởng đến việc tạo sữa sau này của bà mẹ.",1.0,1.0,0.0478,5,KHUYẾN NGHỊ VỀ NCBSM Cho trẻ bú mẹ sớm trong vòng 1 giờ đầu sau khi sinh • Không ||| Câu hỏi	Trả lời	Nguồn: Bé 2 tuổi nên chọn loại sữa tươi dạng nguyên kem None: nế ||| Cách xử lý sữa trước khi cho trẻ ăn Hấp cách thủy sữa cho trẻ ăn tạm thời trong  ||| ĐẶC TÍNH CỦA SỮA NON  Bài tiết trong vài ngày đầu sau đẻ.  Sữa non sánh đặc có ||| Câu hỏi	Trả lời	Nguồn: Tùy thuộc vào độ tuổi để chúng ta bổ sung thêm sữa cho tr
kb2,Dấu hiệu cho thấy bé nhà mình đang bú hiệu quả các Mom nhỉ,"Tình trạng bú tốt, trẻ không đau, không khó chiu, các ngón tay đặt cách xa núm vú để đỡ vú, đầu và thân trẻ nằm trên một đường thẳng, bụng trẻ áp sát vào bụng mẹ, trẻ được đỡ đầu và cổ, trẻ sơ sinh được đỡ mông, mặt trẻ quay vào vào vú mẹ, mũi trẻ đối diện với núm vú, quầng vú phía trên miệng trẻ còn nhiều hơn, miệng trẻ mở rộng, môi dưới hướng ra ngoài, cằm trẻ chạm vào vú mẹ, bú chậm, sâu, có lúc ngừng nghỉ, má căng phồng khi bú, trẻ tự nhả vú khi bú xong, Có một số dấu hiệu của phản xạ oxytocin: sữa chảy ra ở vú bên kia, sữa chảy thành tia nếu trẻ nhả vú ra trong bữa bú.",1.0,1.0,0.0418,5,Điều kiện 8 Khuyến khích cho trẻ bú mẹ theo nhu cầu. Bú theo nhu cầu là cho trẻ  ||| Hậu quả trẻ ngậm bắt vú sai • Đau núm vú • Tổn thương núm vú • Cương tức vú • Tr ||| Nuôi con khi trẻ không chịu bú mẹ (1) Các dấu hiệu nhận biết trẻ không chịu bú m ||| 35 Thời gian cho trẻ bú - Cho trẻ bú ngay trong vòng 1 gi ờ đầu sau sinh đ ể tận ||| MẪU QUAN SÁT MỘT BỮA BÚ (1) Tên bà mẹ ............................. Ngày quan sá
kb2,Ưu điểm của việc cho bé ăn bằng thìa và cốc so với bú bình bs ơi,"• Dễ dàng vệ sinh sạch sẽ sau mỗi lần ăn.
• Tránh cho trẻ thích bú bình mà bỏ bú mẹ.
• Tránh hiện tượng dị ứng do vú cao su không đảm bảo chất lượng.",1.0,1.0,0.0547,5,"Điều kiện 9 Không cho trẻ nhỏ ngậm đầu vú cao su hoặc vú ngậm giả • Đầu vú cao s ||| Bên cạnh đó, số bữa ăn dặm cũng cần được cân bằng với nguồn sữa mẹ để trẻ dần th ||| Cho trẻ ăn sữa mẹ đã vắt ra • Rã đông sữa: Đưa sữa lên ngăn mát tủ lạnh cho đỡ đ ||| Hướng dẫn bà mẹ cho trẻ ăn bằng cốc • Rửa tay sạch. • Chuẩn bị lượng sữa đủ một  ||| Nuôi trẻ sinh thấp cân không thể bú mẹ Lựa chọn 1 - Sữa mẹ vắt ra. • Tốt nhất ch"
kb2,Những thực phẩm nào mẹ bỉm mang thai nên dùng để cung cấp năng lượng,"Gạo, mì, ngô, khoai, sắn và các chế phẩm từ nó.",0.0,0.0,0.0487,0,Câu hỏi	Trả lời	Nguồn: Với mẹ bầu None: bạn cần chú ý chăm sóc sức khỏe và bổ su ||| Nhu cầu về chất dinh dưỡng trong mỗi bữa ăn Bà mẹ thời kỳ mang thai và NCBSM cần ||| | 37 6. Cung cấp thuốc thiết yếu. - Thuốc sốt rét (vùng sốt rét lưu hành) theo p ||| SỨC KHOẺ Sữa non (‘sữa đầu’) là món quà quý giá nhất cho em bé mới sinh. Sữa non ||| Chế độ dinh dưỡng cho người mẹ trầm cảm sau khi sinh con Bài viết được viết bởi 
kb2,Mẹ nhiễm HIV nên nuôi con như thế nào trong thời gian điều trị viêm vú 2 bên,Hướng dẫn bà mẹ vắt sữa và xử lý sữa đúng trước khi cho trẻ ăn bằng cốc và thìa .,1.0,1.0,0.0692,1,"Không cho con bú khi mẹ có tổn thương núm vú (nứt núm vú..) và con đang có tổn t ||| bà mẹ nhiễm HIV - Sau đẻ bà mẹ nhiễm HIV được tư vấn, chuyển tiếp tới cơ sở chăm ||| Điều kiện 7 Thực hiện mẹ và con ở cùng phòng để con gần mẹ suốt 24 giờ trong ngà ||| 67 cầu của trẻ cho đến khi trẻ có thể ăn các thức ăn cùng gia đình; cần tư vấn c ||| 66 - Cần tư vấn bà mẹ tiếp tục sử dụng thuốc kháng virus theo phác đồ hiện hành "
kb2,Tại sao phụ nữ mang thai bị phù (cân) pải giảm ăn mặn các Mom ơi,Để giảm tình trạng phù nề và tránh các tai biến khi đẻ.,0.0,0.0,0.0569,0,"Những đồ ăn thức uống nên hạn chế Khi mang thai • Không nên dùng các loại đồ uốn ||| Nhu cầu năng lượng của phụ nữ Việt Nam theo lứa tuổi, tình trạng sức khỏe và mức ||| Nếu sản phụ gặp khó khăn khi đi đại tiện, lưu ý không nên dùng sức để rặn mà nên ||| cần hỗ trợ. 5.3.2. Thai từ 64 đến hết 84 ngày. - Uống 200 mg mifepriston. - Sau  ||| Câu hỏi	Trả lời	Nguồn: Với mẹ bầu None: bạn cần chú ý chăm sóc sức khỏe và bổ su"
kb2,Băng huyết sau sinh đc kđịnh nghĩa như thế nào nhỉ,"Băng huyết sau sinh (BHSS) là tình trạng máu mất ≥ 500 ml khi sinh ngả âm đạo hoặc
mất máu ≥ 1.000 ml khi mổ lấy thai.",1.0,1.0,0.0481,1,"CHẨN ĐOÁN VÀ XỬ TRÍ BĂNG HUYẾT SAU SINH I. GIỚI THIỆU 1.1. Định nghĩa Băng huyết ||| Sữa mẹ có thể được bảo quản trong túi đá giữ nhiệt tối đa 24 giờ nếu bạn đi du l ||| Khóc mà không có lý do rõ ràng. Khó ngủ, khó ăn và khó đưa ra lựa chọn. Tự hỏi l ||| 1 Cải thiện chất lượng chăm sóc mẹ và bé sau sinh Kim Hyde Hộ sinh, Tư vấn NCBSM ||| Tắc tia sữa sau sinh: Nguyên nhân, biểu hiện, chẩn đoán và phòng ngừa 19/06/2023"
kb2,Băng huyết sau sinh sớm và muộn khác nhau ra sao bs ơi,"• Băng huyết sau sinh sớm (hay nguyên phát): xảy ra trong vòng 24 giờ đầu.
• Băng huyết sau sinh muộn (hay thứ phát): xảy ra từ 24 giờ đến 6 tuần sau sinh",1.0,0.8667,0.0467,3,"1 Cải thiện chất lượng chăm sóc mẹ và bé sau sinh Kim Hyde Hộ sinh, Tư vấn NCBSM ||| CHẨN ĐOÁN VÀ XỬ TRÍ BĂNG HUYẾT SAU SINH I. GIỚI THIỆU 1.1. Định nghĩa Băng huyết ||| Hướng Dẫn Chăm Sóc Vết May Tầng Sinh Môn Sau Sinh Thường 21/05/2025 Việc chăm só ||| 70 | 1.5. Chăm sóc sơ sinh ngay sau đẻ. 1.5.1. Lau khô trẻ và tiếp xúc da kề da  ||| Khóc mà không có lý do rõ ràng. Khó ngủ, khó ăn và khó đưa ra lựa chọn. Tự hỏi l"
kb2,Nguyên nhân phổ biến nhất gây băng huyết sau sinh là j các Mom,"• Đờ tử cung: nguyên nhân là do tử cung căng quá mức, chuyển dạ kéo dài, U xơ tử cung, lộn tử cung, nhiễm trùng hoặc do dùng thuốc tăng co kéo dài, tiền căn băng huyết sau sinh.                   • Tổn thương đường sinh dục: nguyên nhân là do cắt tầng sinh môn, tổn thương âm đạo, rách cổ tử cung, vỡ tử cung.                                                                                                                                           • Sót mô: nguyên nhân là do sót nhau, nhau cài răng lược, nhau không bong.                                    • Bất thường đông máu: nguyên nhân là do bệnh lý đông cầm máu bẩm sinh hoặc mắc phải, (TSG, hội chứng HELLP), nhau bong non, thai chết lưu, nhiễm trùng nặng, thuyên tắc ối, đang điều trị kháng đông, giảm tiểu cầu, thiếu máu/Suy tủy.",1.0,1.0,0.0493,5,"CHẨN ĐOÁN VÀ XỬ TRÍ BĂNG HUYẾT SAU SINH I. GIỚI THIỆU 1.1. Định nghĩa Băng huyết ||| hợp có rối loạn nội tiết tố: nhóm LH, nhóm FSH, nhóm androgen,… - Điều trị rối l ||| | 121 CHUYỂN DẠ ĐÌNH TRỆ Chuyển dạ đình trệ bao gồm chuyển dạ kéo dài và chuyển  ||| 216 | DỊ TẬT SƠ SINH CẦN CAN THIỆP SỚM Dị tật sơ sinh cần can thiệp sớm là những ||| máu (chú ý tiểu cầu), CRP, các yếu tố đông máu, siêu âm Doppler mạch, chụp mạch,"
kb2,"""Khối cầu an toàn"" của tử cung sau sinh là j mn ơi","Sau khi nhau bong sự cầm máu được thực hiện nhờ sự co rút của sợi cơ tử cung và cơ
chế đông máu bình thường. Tử cung sẽ co lại thành một khối cứng gọi là khối cầu an toàn.",0.0,0.0,0.0505,0,"232 | LIỆU PHÁP HẠ THÂN NHIỆT TRONG ĐIỀU TRỊ TRẺ SƠ SINH NGẠT Ngạt khi sinh là t ||| 110 | 3. Ngôi mông. - Là một loại ngôi dọc, đầu thai nằm ở phía đáy tử cung, môn ||| | 285 * DCTC giải phóng levonorgestrel - Trong vòng 7 ngày đầu kể từ ngày đầu ti ||| Câu hỏi	Trả lời	Nguồn: Chế độ sinh hoạt của bè mẹ sau sinh?	""Vận động sau sinh l ||| | 117 THAI CHẾT TRONG TỬ CUNG Thai chết trong tử cung là thai chết và lưu lại tr"
kb2,Những yếu tố nào khiến tử cung bị căng quá mức dẫn đến đờ tử cung vậy a,"Các yếu tố bao gồm:                                                                                                                                               •Sử dụng oxytocin kéo dài
•Đa sản (≥ 5 lần mang thai)
•Nhiễm trùng ối
•Giảm đau sản khoa
•Song thai hoặc đa thai
•Đa ối
•Con to
•Đa nhân xơ tử cung/có bóc
nhân xơ lúc mổ
•Kéo dây rốn quá mức
•Dây rốn ngắn
•Nhau bám đáy tử cung",0.2,0.2,0.0509,1,"Bệnh nhân cần chú trọng nghỉ ngơi, không hoạt động quá sức và luôn giữ tinh thần ||| 432 | XUẤT TINH SỚM 1. Định nghĩa Xuất tinh sớm là tình trạng mất khả năng kiểm  ||| Câu hỏi	Trả lời	Nguồn: Xuất huyết não ở trẻ sơ sinh có nguy hiểm gì không?	""Tỉ l ||| 57 CHƯƠNG 6: CHĂM SÓC BÀ MẸ TRONG MỘT SỐ TRƯỜNG HỢP ĐẶC BIỆT TRẦM CẢM SAU SINH C ||| 194 | LẠC NỘI MẠC TỬ CUNG 1. Đại cương Lạc nội mạc tử cung (LNMTC) là một bệnh l"
kb2,Dấu hiệu lâm sàng chính của băng huyết do đờ tử cung là j ạ,Triệu chứng chính là tử cung mềm nhão.,0.0,0.0,0.0506,0,"164 | 4.2. Xử trí. - Choángdo đau hoặc do mất máu (tham khảo bài “Choáng sản kho ||| Câu hỏi	Trả lời	Nguồn: Xuất huyết não ở trẻ sơ sinh có nguy hiểm gì không?	""Tỉ l ||| 62 | - Ký hiệu ghi độ lọt của ngôi thai được ghi bằng dấu O, nối các điểm với nh ||| | 233 Khi có bệnh nhân sơ sinh bệnh não thiếu oxy thiếu máu cục bộ: cho hạ thân  ||| cầm máu nếu cần.  Tháo van hay mỏ vịt.  Thông báo cho khách hàng biết đã tiến "
kb2,Thuốc đầu tay đc lựa chọn để co hồi tử cung dự phòng băng huyết là j,Oxytocin là thuốc đầu tay được lựa chọn; nếu không có sẵn thì dùng ergometrine hoặc misoprostol.,0.0,0.0,0.051,0,"164 | 4.2. Xử trí. - Choángdo đau hoặc do mất máu (tham khảo bài “Choáng sản kho ||| Câu hỏi	Trả lời	Nguồn: Mặc dù áp dụng các giải pháp điều trị trên nhưng tỉ lệ tr ||| 180 | 3.5. Điều trị - Tuyến xã: thấy có tổn thương nghi ngờ thì chuyển bệnh nhân ||| về hiệu quả, những thuận lợi, khó khăn, tác dụng phụ có thể gặp phải khi sử dụng ||| trị không kịp thời, có thể gây viêm tắc động mạch phổi, thận và có thể tử vong. "
kb2,Sau khi sinh xong thì giai đoạn hậu sản đc tính kéo dài bao lâu chat ơi,Giai đoạn sau sinh bắt đầu từ 1 giờ sau khi sinh và kéo dài suốt 6 tuần sau đó.,1.0,1.0,0.0472,5,"1 Cải thiện chất lượng chăm sóc mẹ và bé sau sinh Kim Hyde Hộ sinh, Tư vấn NCBSM ||| Cách vượt qua rạn nứt hôn nhân sau sinh con, vợ chồng trẻ cần biết Bài viết dưới ||| Chăm sóc sức khỏe của mẹ sau khi sinh cũng quan trọng như chăm em bé Bài viết đư ||| 214 | CHĂM SÓC TRẺ SƠ SINH NON THÁNG/NHẸ CÂN Sinh non là trẻ sinh ra trước 37 tu ||| 466 | SỔ THEO DÕI SỨC KHỎE BÀ MẸ VÀ TRẺ EM 1. Công dụng của Sổ theo dõi sức khỏ"
kb2,Tại sao các bs cứ khuyên em fải cho con da kề da ngay sau khi đẻ,"• Có bằng chứng rõ rằng bé bình thường đủ tháng được đặt tiếp xúc da kề da với mẹ ngay sau sinh giúp việc chuyển tiếp từ bào thai ra cuộc sống mới sẽ tốt hơn về hô hấp, nhiệt độ, ổn định đường huyết, và giảm khóc đáng kể cho thấy giảm căng thẳng.                                                               • Những bà mẹ cho trẻ tiếp xúc da kề da ngay sau sinh sẽ cải thiện hành vi của mẹ, mẹ tự tin hơn trong chăm sóc bé và cho bé bú mẹ lâu dài hơn.
• Tiếp xúc da kề da với mẹ bảo vệ bé khỏi những ảnh hưởng tiêu cực đã được ghi nhận khi tách bé, hỗ trợ phát triển trí não tối ưu và tạo thuận lợi cho sự gắn bó, thúc đẩy sự tự điều chỉnh của trẻ sơ sinh qua thời gian.
• Trẻ bình thường sinh ra có bản năng bú mẹ và có thể tìm vú, tự nắm bắt vú mà không cần sự hỗ trợ khi tiếp xúc da kề da.",1.0,1.0,0.0492,5,"3 Chăm sóc ngay sau sinh • Bú mẹ đầu tiên được khuyến khích càng sớm càng tốt ng ||| cho sổ vai sau. Ở thì này dễ rách tầng sinh môn, vì vậy phải giữ tầng sinh môn t ||| Câu hỏi	Trả lời	Nguồn: - Đối với các bà mẹ sau khi sinh thường và sinh mổ None:  ||| | 253 TRẺ SINH RA TỪ MẸ BỊ VIÊM GAN B, LAO, LẬU, GIANG MAI, HIV 1. Mẹ bị viêm ga ||| Giúp các bà mẹ cho con bú ngay sau sinh trong vòng 1 giờ đầu. • Đặt trẻ tiếp xúc"
kb2,"Em mới sinh bé con xong, trong mấy tiếng đầu bs sẽ theo dõi em thế nào","• Đánh giá và ghi nhận các dấu hiệu sinh tồn 15 phút 1 lần trong giờ đầu sau sinh,
sau đó 30 phút 1 lần trong giờ tiếp theo nếu các thông số đạt yêu cầu.",0.0,0.0,0.0488,0,"đẻ, sau đẻ mẹ và con Gồm các trang dùng để theo dõi, chăm sóc sức khỏe của bà mẹ ||| 52 | 3. Xử trí. - Nếu đã chuyển dạ: cho sản phụ nhập viện, theo dõi chuyển dạ ch ||| Cột mốc quan trọng của bé: Biết lật Khi em bé có khả năng kiểm soát đầu và cùng  ||| Chăm sóc bà mẹ và trẻ trong tuần đầu tiên sau sinh Cơ thể người phụ nữ sau khi s ||| 10 CHƯƠNG 2: CHĂM SÓC BÀ MẸ SAU SINH THEO DÕI SAU ĐẺ Theo dõi co h ồi tử cung; S"
kb2,Tại sao sau khi sinh em lại bị bắt đi tiểu sớm dù chưa thấy buồn mn ơi,"Bạn cần đi tiểu sớm để tránh tình trạng bàng quang đầy làm đẩy lệch đáy tử cung, ảnh hưởng đến sự co hồi tử cung.",1.0,0.75,0.0428,2,"Câu hỏi	Trả lời	Nguồn: Tại sao tôi nên tập phục hồi chức năng sàn chậu sau sinh? ||| 96 sinh ra m ột lo ại hooc môn căng th ẳng không t ốt cho s ức khỏe bé sơ sinh.  ||| Gợi ý cho các bà mẹ: -         Trẻ bú đủ sữa, thường đi tiểu ít nhất từ 6-8 lần/ ||| 17 Biểu hiện - Sau khi sinh kho ảng 3 - 4 giờ trở đi, bà m ẹ có c ảm giác mót đi ||| Câu hỏi	Trả lời	Nguồn: - Dấu hiệu mất nước vừa đến nặng: khô môi miệng None: khó"
kb2,Sau sinh em bị sốt bao nhiêu độ thì đc coi là nguy hiểm fải báo y tá,"Nếu nhiệt độ của bạn từ 38°C trở lên, cần phải báo ngay cho nhân viên y tế để theo dõi và đánh giá kịp thời.",1.0,1.0,0.0508,1,"NHỮNG VẤN ĐỀ PHỔ BIẾN SỐT Sốt là tình trạng nhiệt độ cơ thể cao hơn bình thường. ||| LỜI NÓI ĐẦU Thời kỳ sau sinh được tính từ sau khi sổ rau đến hết 6 tuần sau sinh ||| | 237 NHIỄM KHUẨN HUYẾT SƠ SINH 1. Tuyến xã. Chẩn đoán dựa vào bệnh sử và lâm sà ||| Câu hỏi	Trả lời	Nguồn: - Nôn ói kèm với sốt None: có thể trẻ bị nhiễm siêu vi,nh ||| 13 Chăm sóc cho trẻ sơ sinh ngay sau sinh • Hầu hết trẻ được sinh ra vẫn khỏe mạ"
kb2,Bé mới sinh ra sẽ đc bs kiểm tra những j trên cơ thể nhỉ,"Kiểm tra từ đầu đến chân
• Nhìn tổng thể bao gồm màu da, cử động, tư thế, giọng, tỉnh táo và
phản ứng dễ cáu kỉnh
• Đầu & cổ.
• Sọ, kích cỡ, đối xứng, đường khâu và phồng, tổn thương da đầu, chấn thương.
• Các đặc điểm trên mặt: chứng loạn dưỡng, mắt, mũi, lỗ mũi, miệng bao gồm
môi, vòm miệng, răng, nang, lưỡi
• Tai: hình dạng, vành tai, hố, ống tai ngoài
• Hàm/ cằm
• Cổ: bướu, u nang, da dư, tật vẹo cổ, đùn da6
Kiểm tra từ đầu đến chân
• Tay/Vai
• Cử động (bao gồm sự đối xứng), hình dạng, chiều dài, phạm vi cử động, khớp,
xương đòn, chỉ tay nằm ngang, số ngón tay/ móng tay/ tật dính ngón, hạch
nách và vùng da dư ở nách
• Ngực và bụng
•Nhịp thở, cử động ngực, sử dụng cơ thở cần thiết, thở bụng, hình dạng
và đối xứng
•Rốn, thoát vị
•Thở rên rỉ, ví dụ: thở nhanh nông có thể là dấu hiệu của suy hô hấp
Kiểm tra từ đầu đến chân
• Mông và bô phận sinh dục
• Giới tính
• Thoát vị
• Dương vật, da quy đầu/vị trí nước tiểu ra, bìu, tinh hoàn
• Âm hộ, âm môi, âm đạo, thịt dư
• Chi dưới
• Hình dạng chân, chiều dài, đối xứng, phạm vi cử động, khớp
• Bàn chân: tật khoèo chân, ngón chân/ móng chân/ webbing
• Lưng/mông/hậu môn
• Giải phẫu tủy sống và đối xứng, không có lỗ hậu môn, tiêu chảy xảy ra rất sớm và nặng,
• Chàm Mông Cổ màu xanh, hậu môn bị dãn rộng, trĩ, nứt hậu môn.
Hoàn tất ghi nhận trên hồ sơ về kiểm tra sức khỏe của bé. Thảo luận với nhân viên y tế về những yếu tố khác",0.0,0.0,0.0465,0,"Câu hỏi	Trả lời	Nguồn: - Ngoài kiểm tra sức khỏe cho người mẹ None: trẻ sơ sinh  ||| Trắc nghiệm: Sự phát triển tinh thần, vận động của bé thế nào là đúng chuẩn? Khi ||| Câu hỏi	Trả lời	Nguồn: Ngày nay với nền y học phát triển None: sức khỏe sinh sản ||| 7 Bàn giao việc chăm sóc đến khoa hậu sản • Nhân viên bàn giao việc chăm sóc khi ||| Mặc dù, trẻ có thể chưa biết lật cho đến khoảng 5 tháng, nhưng tốt nhất bạn nên "
kb2,Em thấy bé nhà t có những vết xanh ở mông thì có phải bệnh j k ạ,"Đó thường là chàm Mông Cổ màu xanh, một dấu hiệu bình thường cần được ghi nhận trong hồ sơ sức khỏe của bé.",0.0,0.0,0.0582,0,"78 nhu cầu, không cần giờ giấc thì chắc chắn trẻ sẽ sụt cân ít và phục hồi nhanh ||| Trẻ 21 tháng chậm phát triển chiều cao, chân tay ngắn có nguy cơ mắc bệnh lùn kh ||| kinh. + Vú tăng thể tích. 2.1.2. Cận lâm sàng: - X quang vú (mammography): trên  ||| 342 | SÙI MÀO GÀ SINH DỤC Sùi mào gà sinh dục là một bệnh lây truyền qua đường t ||| cưỡng ép phải quan hệ tình dục? Điều đó có xảy ra với chị không?” - Ví dụ câu hỏ"
kb2,"Khi về khoa hậu sản, có những dấu hiệu nào em fải gọi cấp cứu ngay mn ơi","•  Máu ra đột ngột và lượng nhiều hoặc ra máu tăng đáng kể, mệt mỏi, chóng mặt hay đánh trống ngực/ nhịp tim nhanh.
•  Sốt, run rẩy, đau bụng và/ hoặc tổn thương âm đạo gây mất máu
•  Nhức đầu kèm theo 1 hay nhiều các triệu chứng trong vòng 72 giờ đầu sau sinh: rối
loạn thị giác, buồn nôn, nôn
•  Đau bắp chân đơn, đỏ hoặc phù Thở nông hoặc đau ngực",1.0,0.7,0.0513,2,"| 129 PHÁT HIỆN CÁC DẤU HIỆU NGUY HIỂM, XỬ TRÍ VÀ CHUYỂN TUYẾN CÁC CẤP CỨU SẢN K ||| Câu hỏi	Trả lời	Nguồn: Khi nào thì cha mẹ nên tìm sự giúp đỡ từ những người có c ||| 386 | - Bày tỏ thái độ thông cảm, tôn trọng và động viên. - Hỏi tiền sử và thăm  ||| Câu hỏi	Trả lời	Nguồn: Vàng da phải được coi là bệnh lý khi có bất thường từ một ||| 234 | THỞ ÁP LỰC DƯƠNG LIÊN TỤC (CPAP) Thở áp lực dương liên tục (CPAP) là phươn"
kb2,Tầng sinh môn của em bị đau và rách thì chăm sóc ở nhà thế nào bs ơi,Bạn nên vệ sinh sạch sẽ và được khuyến nghị tắm ngày 2 lần bằng nước muối ấm để hỗ trợ vết thương mau lành.,0.0,0.0,0.0563,0,"Hướng Dẫn Chăm Sóc Vết May Tầng Sinh Môn Sau Sinh Thường 21/05/2025 Việc chăm só ||| Câu hỏi	Trả lời	Nguồn: Chương trình khám sàn chậu sau sinh gồm những gì?	""Thăm k ||| | 69 ĐỠ ĐẺ TẠI NHÀ VÀ XỬ TRÍ ĐẺ RƠI 1. Đỡ đẻ tại nhà. Đỡ đẻ tại nhà là điều khôn ||| Cách điều trị bệnh viêm da cơ địa trẻ 3 tháng tuổi Hỏi Chào bác sĩ ạ. Bé nhà em  ||| Cuốn sách SỨC KHỎE này sẽ đề cập đến những nội dung sau: Những thông tin trong b"
kb2,Em nghe nói nếu k bú mẹ thì bé nhà mình dễ bị béo phì khi lớn lên fải k,"Đúng, không bú mẹ hoàn toàn làm tăng nguy cơ béo phì ở trẻ em và vị thành niên.",1.0,1.0,0.0576,5,6 tháng tuổi là thời gian phù hợp bắt đầu cho trẻ ăn dặm  Theo Viện Dinh dưỡng Q ||| Câu hỏi	Trả lời	Nguồn: - Vấn đề rất đáng lo ngại đó là khi cho trẻ uống quá nhiề ||| Điều kiện 9 Không cho trẻ nhỏ ngậm đầu vú cao su hoặc vú ngậm giả • Đầu vú cao s ||| Đặc điểm chung của trẻ sinh thấp cân • Trẻ sinh thấp cân là trẻ sinh ra có cân n ||| Câu hỏi	Trả lời	Nguồn: - Nếu bé uống quá nhiều sữa kể cả sữa bột hay sữa tươi th
kb2,Nuôi con bằng sưa mẹ thì người mẹ có lợi ích j về lâu dài k các Mom,"Giúp mẹ giảm nguy cơ ung thư vú trước và sau khi mãn kinh, ung thư buồng trứng, nội mạc tử cung, loãng xương và thiếu máu, trầm cảm sau sinh, viêm khớp dạng thấp và lấy lại cân nặng trước khi mang thai.",0.2,0.2,0.0586,1,16 Nuôi ăn cho trẻ nhỏ Sản phụ được cung cấp thông tin và phải được đảm bảo về • ||| 466 | SỔ THEO DÕI SỨC KHỎE BÀ MẸ VÀ TRẺ EM 1. Công dụng của Sổ theo dõi sức khỏ ||| Điều kiện 1 Có bản qui định về nuôi con bằng sữa mẹ và được phổ biến thường xuyê ||| KHUYẾN NGHỊ VỀ NCBSM (2) Cho trẻ bú kéo dài đến 24 tháng hoặc lâu hơn • Từ 6 thá ||| | 319 TRIỆT SẢN NỮ BẰNG PHƯƠNG PHÁP THẮT VÀ CẮT VÒI TỬ CUNG Triệt sản nữ bằng ph
kb2,Sưa non của em màu vàng và đặc thì có tốt cho bé con k bs ơi,"Rất tốt                                                                                                                                                                             • Chất lỏng dày dính màu vàng do các tế bào nang vú tiết ra trong suốt 3 tháng cuối của thai kì và kéo dài 1 thời gian sau sinh
• Số lượng ít, năng lượng cao
• Chứa ít đường lactose, vitamin tan trong chất béo, natri cao hơn, kẽm và tất cả các yếu tố bảo vệ
• Kháng thể bám vào thành ruột để tránh sự xâm nhập các mầm bệnh
• Các yếu tố tăng trưởng kích thích sự phát triển của tế bào niêm mạc, biểu mô, tổng hợp ADN, sự phát triển của các cơ quan và hệ thần kinh
• Thường sẽ chuyển sang sữa trưởng thành trong 30-40 giờ sau sinh",0.5,0.5,0.0549,2,"Câu hỏi	Trả lời	Nguồn: Bé 2 tuổi nên uống sữa tươi hay sữa bột?	""Cũng giống như  ||| Vàng da sơ sinh có nguy hiểm không? Đa số các trường hợp vàng da ở trẻ sơ sinh đ ||| Cột mốc quan trọng của bé: Biết lật Khi em bé có khả năng kiểm soát đầu và cùng  ||| 69 Hầu hết trẻ đi tểu sau m ỗi lần bú ho ặc ít nh ất vài l ần trong ngày. Màu ph ||| Cho bé ăn dặm từ lỏng đến đặc Nên cho trẻ ăn bột loãng từ 2 - 3 ngày sau đó tăng"
kb2,"Em bị đau núm vú quá, có cách nào để bớt đau khi cho bé bú k mn ơi","Tình trạng đau núm vú thường ổn định trong tuần thứ 2, bạn có thể dùng chính sữa mẹ bôi lên để làm dịu núm vú.",1.0,1.0,0.0623,5,Hậu quả trẻ ngậm bắt vú sai • Đau núm vú • Tổn thương núm vú • Cương tức vú • Tr ||| 38 - Cho trẻ bú không đúng cách - Tắc tia sữa - Áo ngực quá chặt Biểu hiện - Hai ||| Điều kiện 8 Khuyến khích cho trẻ bú mẹ theo nhu cầu. Bú theo nhu cầu là cho trẻ  ||| Nuôi con nhỏ khi bà mẹ gặp khó khăn về tình trạng vú Tình trạng khó khăn về vú t ||| Viêm vú và tắc ống dẫn sữa Nguyên nhân • Sữa lưu thông kém tại toàn bộ bầu vú là
kb2,Huyết trắng của em đóng mảng trắng đục như váng sưa kèm ngứa nóng rát là bị làm sao bs ơi,Đây là dấu hiệu của viêm âm đạo do nấm (thường là Candida albicans); bạn cần đi khám để được soi tươi chất tiết tìm chồi nấm hoặc sợi tơ nấm.,0.0,0.0,0.055,0,"Câu hỏi	Trả lời	Nguồn: Tại những vùng da thương tổn None: bé sẽ rất ngứa,khó chị ||| máu một bãi sau khi cương dương vật hoặc chảy máu ra ngoài niệu đạo sau khi cươn ||| Câu hỏi	Trả lời	Nguồn: Ngoài ra None: các phương pháp vệ sinh cũng được thực hiệ ||| 51 Trong ngăn mát tủ lạnh, nhiệt độ ≤-4 độ C thời gian bảo quản tốt nhất 4 ngày  ||| Để loại bỏ mùi hôi, một số người thích thêm khoảng nửa cốc baking soda hoặc một "
kb2,Nếu em bị nhiễm nấm âm đạo thì bé sơ sinh có bị lây k các Mom,"Bé có thể bị lây nhiễm trong lúc sổ thai ngang qua ÂĐ gây viêm niêm mạc miệng (đẹn), viêm da và viêm phổi.",1.0,1.0,0.0598,4,"Câu hỏi	Trả lời	Nguồn: Viêm kết mạc do vi rút thường gặp nhất là herpes simplex  ||| Nấm miệng (tưa miệng) ở trẻ nhỏ Hình ảnh của nấm miệng là các mảng trắng hoặc và ||| LOẠI NKLTQĐTD/NKĐSS Nguồn gốc Cách lây truyền Ví dụ hay gặp Nhiễm khuẩn lây truy ||| Câu hỏi	Trả lời	Nguồn: - Với nổi hạch lành tính: Nguyên nhân chủ yếu là từ các l ||| Trẻ dưới 2 tuổi có nên tẩy giun không? Hỏi Bé em được 11 tháng tuổi, cận nặng 8,"
kb2,"Em đang mang thai tháng cuối, có loại thuốc đặt âm đạo nào an toàn để dự phòng nấm k bs ơi",Bạn có thể sử dụng Clotrimazole 500mg đặt một liều duy nhất trong 4 tuần cuối thai kỳ; thuốc này đã được nghiên cứu không gây ảnh hưởng lên thai nhi.,1.0,1.0,0.0576,5,"chất độc hại, kể cả thuốc kháng sinh mạnh và các thực phẩm chức năng không rõ ng ||| Câu hỏi	Trả lời	Nguồn: • Vitamin B6 và doxylamine: Vitamin B6 là thuốc an toàn N ||| Nếu bạn có tiền sử trầm cảm bất kỳ lúc nào trong đời hoặc nếu bạn đang dùng thuố ||| Câu hỏi	Trả lời	Nguồn: • Thuốc chống nôn: nếu vitamin B6 và doxylamine không đủ  ||| Nên cho thai phụ vào viện trước đẻ 1 tháng  Con rạ: nên đình chỉ thai nghén. Nế"
kb2,Nhiễm khuẩn hậu sản là j mà em nghe bảo nguy hiểm lắm fải k?,Nhiễm khuẩn hậu sản là các nhiễm khuẩn xuất phát từ bộ phận sinh dục trong thời kỳ hậu sản. Đây là một trong những tai biến sản khoa thường gặp và là một trong những nguyên nhân hàng đầu gây tử vong mẹ.,1.0,0.8667,0.0516,3,"LOẠI NKLTQĐTD/NKĐSS Nguồn gốc Cách lây truyền Ví dụ hay gặp Nhiễm khuẩn lây truy ||| Câu hỏi	Trả lời	Nguồn: Đối với nhiễm trùng mắt do vi khuẩn chlamydia hoặc do vi  ||| Câu hỏi	Trả lời	Nguồn: Quy trình tái khám sau sinh mổ diễn ra như thế nào?	""Quy  ||| Câu hỏi	Trả lời	Nguồn: BCG được xem là loại vắc-xin an toàn bởi tỉ lệ các phản ứ ||| Câu hỏi	Trả lời	Nguồn: Nhiễm trùng mắt do nhiễm vi khuẩn/vi rút bao gồm các trườ"
kb2,"Vết khâu tầng sinh môn của em bị sưng tấy, đau và sốt nhẹ thì có phải bị nhiễm trùng k","Đây có thể là dấu hiệu nhiễm khuẩn tầng sinh môn (sốt nhẹ 38 độ C - 38,5 độ C, vết khâu sưng tấy, đau hoặc trường hợp nặng có mủ. Tử cung co hồi bình thường, sản dịch không hôi). Bạn cần vệ sinh tại chỗ hàng ngày bằng oxy già (nếu vết khâu có mủ), hoặc Povidon iodin, kháng sinh(uống hoặc tiêm) hoặc cắt chỉ tầng sinh môn nếu vết khâu tấy đỏ có mủ.",1.0,1.0,0.0579,5,"xác định xem có khối u không. Nếu có, cần xác định vị trí, kích thước, mật độ, d ||| Núm vú nhiễm nấm Candida Triệu chứng • Núm vú của bà mẹ rất đau và ngứa. Đau phả ||| 21 - Tắm nước ấm - Massage nhẹ nhàng vú để sữa chảy ra Đau vết khâu tầng sinh mô ||| | 349 - Vết loét do hạ cam: thường nhiều vết loét do tự lây nhiễm (kissing ulcer ||| 88 - Mức độ nhiễm trùng rốn trung bình: M ức độ sưng đỏ diễn ra ngay t ại chân r"
