question,answer,contexts,reference,user_input,retrieved_contexts,response,faithfulness,context_recall,answer_relevancy,context_precision
Dấu hiệu cho thấy trẻ đang bú hiệu quả?,"Dấu hiệu cho thấy trẻ đang bú hiệu quả:

- Trẻ bú có hiệu quả (mút chậm, sâu, thỉnh thoảng dừng lại rồi bú tiếp. Có thể nhìn hoặc nghe thấy tiếng trẻ nuốt).
- Trẻ ngủ yên.
- Trẻ đái nhiều.
- Trẻ không chồng khớp sọ.
- Trẻ tăng cân.","['\ufeffCâu hỏi: Dấu hiệu nào cho thấy trẻ bú đủ sữa?\nTrả lời: Bé bú đủ khi: tiểu 6–8 lần/ngày (nước tiểu trong vàng nhạt), đại tiện 3–5 lần/ngày, tăng cân 150–200g/tuần trong tháng đầu, bú no thì nhả vú tự nhiên và ngủ yên.\nNguồn: Vinmec — Nuôi con bằng sữa mẹ; BV Nhi Đồng 1', 'Nếu mẹ chưa đủ sữa – sữa chưa về cũng phải cho BM đúng và lâu trước mỗi bữa bú bình để kích thích tiết sữa và trẻ không quên BM, cho trẻ ăn đủ cữ, 3h/lần, 8 bữa/ ngày và BM hiệu quả ( trẻ ngủ yên, đái nhiều, không chồng khớp sọ, tăng cân)\nNếu mẹ thiếu sữa nuôi con, có thể cho trẻ uống thêm sữa công thức phù hợp với tuổi (Nên tham khảo ý kiến của bác sỹ).', '\uf02b Tư thế cho bú đúng (đầu và thân trẻ ở trên cùng một đường thẳng, mặt trẻ đối diện \nvới vú và môi trẻ đối diện với núm vú, thân trẻ sát với mẹ, đỡ toàn bộ người trẻ) \n\uf02b Trẻ bú có hiệu quả (mút chậm, sâu, thỉnh thoảng dừng lại r ồi bú tiếp. Có thể nhìn \nhoặc nghe thấy tiếng trẻ nuốt). \n- Phát hiện các trường hợp có khó khăn khi cho bú mẹ để hướng dẫn chi tiết. \n- Cách giữ gìn nguồn sữa mẹ:', 'Điều kiện 8\nKhuyến khích cho trẻ bú mẹ theo nhu cầu. Bú theo nhu cầu là \ncho trẻ bú bất cứ khi nào trẻ hoặc bà mẹ muốn, không hạn chế \nthời gian và số lần bú.\n• Giúp bà mẹ biết cách nhận biết các dấu hiệu muốn bú của trẻ \nđể cho trẻ bú ngay không nên chờ đến khi trẻ khóc hay mệt \nmới cho trẻ bú\n• Hãy để trẻ bú bao lâu tuỳ thích và giúp trẻ ngậm bắt vú đúng.', 'trẻ nhỏ cần được cho ăn mỗi khi trẻ đói; \ntrẻ lớn hơn thì cần cho ăn uống đúng \nbữa, đúng giờ, có bữa chính, bữa phụ\n \nCho trẻ ăn thức ăn đa dạng, giàu chất dinh dưỡng, \ncân đối, ăn đúng bữa, đúng giờ. Đừng ép trẻ ăn.\nTrẻ sẽ tự quyết định:\n• Có muốn ăn không. Đừng ép trẻ ăn \nnếu trẻ không đói. Đừng lo lắng khi có \nnhững giai đoạn trẻ ăn rất ít. Nếu cân \nnặng và chiều cao của trẻ phát triển đều']","Trẻ bú chậm, sâu, có lúc nghỉ; má căng phồng; sữa chảy thành tia khi trẻ nhả vú.",Dấu hiệu cho thấy trẻ đang bú hiệu quả?,"['\ufeffCâu hỏi: Dấu hiệu nào cho thấy trẻ bú đủ sữa?\nTrả lời: Bé bú đủ khi: tiểu 6–8 lần/ngày (nước tiểu trong vàng nhạt), đại tiện 3–5 lần/ngày, tăng cân 150–200g/tuần trong tháng đầu, bú no thì nhả vú tự nhiên và ngủ yên.\nNguồn: Vinmec — Nuôi con bằng sữa mẹ; BV Nhi Đồng 1', 'Nếu mẹ chưa đủ sữa – sữa chưa về cũng phải cho BM đúng và lâu trước mỗi bữa bú bình để kích thích tiết sữa và trẻ không quên BM, cho trẻ ăn đủ cữ, 3h/lần, 8 bữa/ ngày và BM hiệu quả ( trẻ ngủ yên, đái nhiều, không chồng khớp sọ, tăng cân)\nNếu mẹ thiếu sữa nuôi con, có thể cho trẻ uống thêm sữa công thức phù hợp với tuổi (Nên tham khảo ý kiến của bác sỹ).', '\uf02b Tư thế cho bú đúng (đầu và thân trẻ ở trên cùng một đường thẳng, mặt trẻ đối diện \nvới vú và môi trẻ đối diện với núm vú, thân trẻ sát với mẹ, đỡ toàn bộ người trẻ) \n\uf02b Trẻ bú có hiệu quả (mút chậm, sâu, thỉnh thoảng dừng lại r ồi bú tiếp. Có thể nhìn \nhoặc nghe thấy tiếng trẻ nuốt). \n- Phát hiện các trường hợp có khó khăn khi cho bú mẹ để hướng dẫn chi tiết. \n- Cách giữ gìn nguồn sữa mẹ:', 'Điều kiện 8\nKhuyến khích cho trẻ bú mẹ theo nhu cầu. Bú theo nhu cầu là \ncho trẻ bú bất cứ khi nào trẻ hoặc bà mẹ muốn, không hạn chế \nthời gian và số lần bú.\n• Giúp bà mẹ biết cách nhận biết các dấu hiệu muốn bú của trẻ \nđể cho trẻ bú ngay không nên chờ đến khi trẻ khóc hay mệt \nmới cho trẻ bú\n• Hãy để trẻ bú bao lâu tuỳ thích và giúp trẻ ngậm bắt vú đúng.', 'trẻ nhỏ cần được cho ăn mỗi khi trẻ đói; \ntrẻ lớn hơn thì cần cho ăn uống đúng \nbữa, đúng giờ, có bữa chính, bữa phụ\n \nCho trẻ ăn thức ăn đa dạng, giàu chất dinh dưỡng, \ncân đối, ăn đúng bữa, đúng giờ. Đừng ép trẻ ăn.\nTrẻ sẽ tự quyết định:\n• Có muốn ăn không. Đừng ép trẻ ăn \nnếu trẻ không đói. Đừng lo lắng khi có \nnhững giai đoạn trẻ ăn rất ít. Nếu cân \nnặng và chiều cao của trẻ phát triển đều']","Dấu hiệu cho thấy trẻ đang bú hiệu quả:

- Trẻ bú có hiệu quả (mút chậm, sâu, thỉnh thoảng dừng lại rồi bú tiếp. Có thể nhìn hoặc nghe thấy tiếng trẻ nuốt).
- Trẻ ngủ yên.
- Trẻ đái nhiều.
- Trẻ không chồng khớp sọ.
- Trẻ tăng cân.",0.5714285714285714,0.6666666666666666,0.531271139969118,0.6388888888675925
Sau khi sinh bao lâu thì em có thể bắt đầu tập các bài thể dục nhẹ nhàng để lấy lại vóc dáng ạ?,"Theo tài liệu, sau khi sinh mổ, mẹ có thể bắt đầu tập thể dục nhẹ nhàng (Kegel, đi bộ) từ tuần 2-4.","['\ufeffCâu hỏi: Mẹ sinh mổ khi nào được tập thể dục lại?\nTrả lời: Bài tập nhẹ (Kegel, đi bộ): từ tuần 2–4. Bài tập vừa (yoga, bơi lội): sau 8 tuần nếu vết mổ lành tốt. Bài tập cường độ cao: sau 3–6 tháng có sự đồng ý của bác sĩ. Không tập bụng nặng trong 6 tháng đầu.\nNguồn: BS Sản Phụ Khoa — Vinmec Phú Quốc', 'Bài tập này cũng đặc biệt hữu hiệu cho phụ nữ sau khi sinh con, nhất là các bà mẹ chọn phương pháp sinh thường. Bình thường, phải mất vài tháng, thậm chí vài năm sau khi sinh con, âm đạo của người phụ nữ mới có thể săn chắc trở lại sau một lần chuyển dạ. Tuy nhiên, thời gian này sẽ rút ngắn lại nếu kiên trì tập luyện bài tập Kegel. Các động tác tập Kegel còn giúp phụ nữ sau sinh phòng ngừa bệnh', 'Chỉ nhíu và kéo lên thôi.\nKhông gồng cứng hai mông và để hai đùi buông lỏng.\nHãy cố gắng bắt đầu bài tập Kegel này thường xuyên sau khi sinh. Thành công chỉ đến với những ai đủ kiên trì tập luyện hàng ngày. Nếu tập liên tục và đúng kỹ thuật, chỉ sau 3-4 tuần bạn sẽ cảm nhận được sự thay đổi tuyệt vời trong cơ thể mình.', 'Phục hồi chức năng sàn chậu giúp các mẹ cải thiện tình trạng tiểu đêm \nBài tập Kegel do bác sĩ phụ khoa Arnold Kegel Henry đưa ra vào năm 1948. Đây là bài tập thể dục dành cho cơ vùng đáy xương chậu - khu vực bảo vệ cơ quan sinh dục. Bài tập Kegel giúp kích hoạt cơ đáy chậu và giúp cơ quan sinh dục, cơ vòng hậu môn được săn chắc hơn.', 'Đối với đau lưng sau sinh, tại bệnh viện Vinmec các kỹ thuật điều trị đau bao gồm:\nCác bài tập vật lý trị liệu chuyên sâu với mục đích hồi phục sức cơ, hồi phục chức năng cột sống và các khớp. Các bác sĩ sẽ hướng dẫn mẹ các bài tập để các mẹ có thể chủ động tự tập tại nhà.']","Tùy vào tình trạng sức khỏe, thông thường sau khoảng 1 tuần là bạn có thể bắt đầu thực hiện các động tác thể dục nhẹ nhàng.",Sau khi sinh bao lâu thì em có thể bắt đầu tập các bài thể dục nhẹ nhàng để lấy lại vóc dáng ạ?,"['\ufeffCâu hỏi: Mẹ sinh mổ khi nào được tập thể dục lại?\nTrả lời: Bài tập nhẹ (Kegel, đi bộ): từ tuần 2–4. Bài tập vừa (yoga, bơi lội): sau 8 tuần nếu vết mổ lành tốt. Bài tập cường độ cao: sau 3–6 tháng có sự đồng ý của bác sĩ. Không tập bụng nặng trong 6 tháng đầu.\nNguồn: BS Sản Phụ Khoa — Vinmec Phú Quốc', 'Bài tập này cũng đặc biệt hữu hiệu cho phụ nữ sau khi sinh con, nhất là các bà mẹ chọn phương pháp sinh thường. Bình thường, phải mất vài tháng, thậm chí vài năm sau khi sinh con, âm đạo của người phụ nữ mới có thể săn chắc trở lại sau một lần chuyển dạ. Tuy nhiên, thời gian này sẽ rút ngắn lại nếu kiên trì tập luyện bài tập Kegel. Các động tác tập Kegel còn giúp phụ nữ sau sinh phòng ngừa bệnh', 'Chỉ nhíu và kéo lên thôi.\nKhông gồng cứng hai mông và để hai đùi buông lỏng.\nHãy cố gắng bắt đầu bài tập Kegel này thường xuyên sau khi sinh. Thành công chỉ đến với những ai đủ kiên trì tập luyện hàng ngày. Nếu tập liên tục và đúng kỹ thuật, chỉ sau 3-4 tuần bạn sẽ cảm nhận được sự thay đổi tuyệt vời trong cơ thể mình.', 'Phục hồi chức năng sàn chậu giúp các mẹ cải thiện tình trạng tiểu đêm \nBài tập Kegel do bác sĩ phụ khoa Arnold Kegel Henry đưa ra vào năm 1948. Đây là bài tập thể dục dành cho cơ vùng đáy xương chậu - khu vực bảo vệ cơ quan sinh dục. Bài tập Kegel giúp kích hoạt cơ đáy chậu và giúp cơ quan sinh dục, cơ vòng hậu môn được săn chắc hơn.', 'Đối với đau lưng sau sinh, tại bệnh viện Vinmec các kỹ thuật điều trị đau bao gồm:\nCác bài tập vật lý trị liệu chuyên sâu với mục đích hồi phục sức cơ, hồi phục chức năng cột sống và các khớp. Các bác sĩ sẽ hướng dẫn mẹ các bài tập để các mẹ có thể chủ động tự tập tại nhà.']","Theo tài liệu, sau khi sinh mổ, mẹ có thể bắt đầu tập thể dục nhẹ nhàng (Kegel, đi bộ) từ tuần 2-4.",0.6666666666666666,1.0,0.8026642419048884,0.94999999997625
"tại sao sau khi sinh xong em lại bị đau nhức khắp người, đặc biệt là vùng lưng và các khớp tay chân ạ?","Dưới đây là trả lời dựa trên tài liệu được cung cấp:

- Sau sinh, nhiều phụ nữ phải đối mặt với những cơn đau nhức mỏi toàn thân, đặc biệt là đau lưng và đau vai gáy.
- Tình trạng này kéo dài ảnh hưởng rất lớn tới sức khỏe và chất lượng cuộc sống.
- Phụ nữ sau sinh rất dễ bị nhiễm lạnh do tổn thương khí huyết.
- Nếu không giữ ấm cơ thể, để gió lạnh lùa vào có thể gây đau lưng, đau nhức xương khớp toàn thân.","['Sau sinh, nhiều phụ nữ phải đối mặt với những cơn đau nhức mỏi toàn thân, đặc biệt là đau lưng và đau vai gáy. Tình trạng này kéo dài ảnh hưởng rất lớn tới sức khỏe và chất lượng cuộc sống. Những cơn đau nhức xương khớp diễn ra chỉ vài ngày sau khi sinh và kéo dài liên tục, thậm chí dai dẳng nhiều năm trời, nhất là với sản phụ sinh mổ. Nhiều bà mẹ cảm thấy đau lưng, khó khăn khi di chuyển, đứng', 'Đối với đau lưng sau sinh, tại bệnh viện Vinmec các kỹ thuật điều trị đau bao gồm:\nCác bài tập vật lý trị liệu chuyên sâu với mục đích hồi phục sức cơ, hồi phục chức năng cột sống và các khớp. Các bác sĩ sẽ hướng dẫn mẹ các bài tập để các mẹ có thể chủ động tự tập tại nhà.', '\ufeffCâu hỏi: Sau sinh bị đau lưng phải làm sao?\nTrả lời: Dùng đai lưng hỗ trợ, tập bài tập phục hồi nhẹ nhàng, tránh cúi gập người đột ngột, khi bế bé nhớ ngồi xuống rồi đứng lên. Nếu đau kéo dài hơn 3 tháng hoặc đau lan xuống chân cần khám vật lý trị liệu.\nNguồn: Vinmec — Phục hồi chức năng sau sinh', 'Trung tâm Sản và Hỗ trợ Sinh sản - Bệnh viện Đa khoa Vinmec Đà Nẵng \nĐăng ký khám \nPhụ nữ sau sinh rất dễ bị nhiễm lạnh do tổn thương khí huyết. Nếu không giữ ấm cơ thể, để gió lạnh lùa vào có thể gây đau lưng, đau nhức xương khớp toàn thân.', 'Đau hậu sản, bàng quang, chảy máu... là những vấn đề thường gặp nhất sau sinh thường. Chúng khiến các mẹ khó chịu, đau nhức và mệt mỏi. Nếu không may gặp phải các tình trạng này thì mẹ nên tham khảo ý kiến của bác sĩ chuyên khoa để có cách kiêng cữ sau sinh thường an toàn và giảm thiểu khó chịu một cách hiệu quả.']","Tình trạng này thường do cơ thể thiếu hụt canxi và vitamin D sau thai kỳ, thay đổi nội tiết tố làm giãn các dây chằng, hoặc do mẹ phải bế bé và cho bú sai tư thế kéo dài.","tại sao sau khi sinh xong em lại bị đau nhức khắp người, đặc biệt là vùng lưng và các khớp tay chân ạ?","['Sau sinh, nhiều phụ nữ phải đối mặt với những cơn đau nhức mỏi toàn thân, đặc biệt là đau lưng và đau vai gáy. Tình trạng này kéo dài ảnh hưởng rất lớn tới sức khỏe và chất lượng cuộc sống. Những cơn đau nhức xương khớp diễn ra chỉ vài ngày sau khi sinh và kéo dài liên tục, thậm chí dai dẳng nhiều năm trời, nhất là với sản phụ sinh mổ. Nhiều bà mẹ cảm thấy đau lưng, khó khăn khi di chuyển, đứng', 'Đối với đau lưng sau sinh, tại bệnh viện Vinmec các kỹ thuật điều trị đau bao gồm:\nCác bài tập vật lý trị liệu chuyên sâu với mục đích hồi phục sức cơ, hồi phục chức năng cột sống và các khớp. Các bác sĩ sẽ hướng dẫn mẹ các bài tập để các mẹ có thể chủ động tự tập tại nhà.', '\ufeffCâu hỏi: Sau sinh bị đau lưng phải làm sao?\nTrả lời: Dùng đai lưng hỗ trợ, tập bài tập phục hồi nhẹ nhàng, tránh cúi gập người đột ngột, khi bế bé nhớ ngồi xuống rồi đứng lên. Nếu đau kéo dài hơn 3 tháng hoặc đau lan xuống chân cần khám vật lý trị liệu.\nNguồn: Vinmec — Phục hồi chức năng sau sinh', 'Trung tâm Sản và Hỗ trợ Sinh sản - Bệnh viện Đa khoa Vinmec Đà Nẵng \nĐăng ký khám \nPhụ nữ sau sinh rất dễ bị nhiễm lạnh do tổn thương khí huyết. Nếu không giữ ấm cơ thể, để gió lạnh lùa vào có thể gây đau lưng, đau nhức xương khớp toàn thân.', 'Đau hậu sản, bàng quang, chảy máu... là những vấn đề thường gặp nhất sau sinh thường. Chúng khiến các mẹ khó chịu, đau nhức và mệt mỏi. Nếu không may gặp phải các tình trạng này thì mẹ nên tham khảo ý kiến của bác sĩ chuyên khoa để có cách kiêng cữ sau sinh thường an toàn và giảm thiểu khó chịu một cách hiệu quả.']","Dưới đây là trả lời dựa trên tài liệu được cung cấp:

- Sau sinh, nhiều phụ nữ phải đối mặt với những cơn đau nhức mỏi toàn thân, đặc biệt là đau lưng và đau vai gáy.
- Tình trạng này kéo dài ảnh hưởng rất lớn tới sức khỏe và chất lượng cuộc sống.
- Phụ nữ sau sinh rất dễ bị nhiễm lạnh do tổn thương khí huyết.
- Nếu không giữ ấm cơ thể, để gió lạnh lùa vào có thể gây đau lưng, đau nhức xương khớp toàn thân.",1.0,0.9333333333333333,0.7093519224515152,0.999999999975
Sữa mẹ chứa bao nhiêu phần trăm là nước?,"Sữa mẹ chủ yếu là nước, không có thông tin cụ thể về phần trăm nước trong sữa mẹ.","['\ufeffCâu hỏi: Mẹ sau sinh uống bao nhiêu nước mỗi ngày?\nTrả lời: Tối thiểu 2–3 lít/ngày (8–10 ly nước). Khi cho con bú cần thêm 500ml so với bình thường vì sữa mẹ chủ yếu là nước. Nên uống 1 ly nước trước mỗi cữ bú. Nước trái cây tươi, sữa, canh đều tính vào lượng nước.\nNguồn: BV Từ Dũ — Dinh dưỡng mẹ bỉm sữa', 'nhu cầu của bé, \nnghĩa là tùy \ntheo lượng \nmà bé muốn.\nSữa mẹ là thực phẩm tốt nhất và đầy đủ nhất cho em bé \ntừ 0 đến 6 tháng tuổi. Ngoài sữa mẹ, trẻ không cần bất \ncứ các loại thực phẩm nào khác, kể cả nước \n10', 'Bảo quản sữa mẹ đã vắt như thế nào?\nMục lục\nTrước khi vắt sữa mẹ\nBảo quản sữa mẹ sau khi vắt sữa\nĐiều kiện bảo quản sữa mẹ mới vắt tốt nhất\nLưu ý khi cất trữ sữa mẹ\nLưu ý khi đông lạnh sữa mẹ\nSữa mẹ đã rã đông có mùi hoặc trông khác với sữa mẹ tươi không?\nNuôi con bằng sữa mẹ trữ đông\nVệ sinh an toàn các vật dụng cho trẻ sơ sinh và thiết bị hút sữa', 'đường lactose, nước và các chất dinh dưỡng khác\n\uf0fc Sữa cuối bữa bú: bài tiết cuối bữa bú của trẻ. Sữa cuối bữa \nmầu trắng đục vì chứa nhiều chất béo, chất béo này cung \ncấp nhiều năng lượng\n• Tại sao cần cho bú mẹ hết bên vú này mới chuyển sang bế vú\nđối diện?', 'Chế độ ăn khi có thai. \n- Lượng tăng ít nhất 1/4 (tăng số bữa ăn và số lượng cơm, thức ăn trong mỗi bữa). \n- Tăng chất: đảm bảo cho sự phát triển của mẹ và con (thịt, cá, tôm, sữa, trứng, đậu lạc, \nvừng, dầu ăn, rau quả tươi). \n- Uống ít nhất 02 lít nước mỗi ngày (sữa + nước hoa quả + nước lọc) cho đến hết thời kỳ \ncho con bú.']",Sữa mẹ chứa tới 88% là nước.,Sữa mẹ chứa bao nhiêu phần trăm là nước?,"['\ufeffCâu hỏi: Mẹ sau sinh uống bao nhiêu nước mỗi ngày?\nTrả lời: Tối thiểu 2–3 lít/ngày (8–10 ly nước). Khi cho con bú cần thêm 500ml so với bình thường vì sữa mẹ chủ yếu là nước. Nên uống 1 ly nước trước mỗi cữ bú. Nước trái cây tươi, sữa, canh đều tính vào lượng nước.\nNguồn: BV Từ Dũ — Dinh dưỡng mẹ bỉm sữa', 'nhu cầu của bé, \nnghĩa là tùy \ntheo lượng \nmà bé muốn.\nSữa mẹ là thực phẩm tốt nhất và đầy đủ nhất cho em bé \ntừ 0 đến 6 tháng tuổi. Ngoài sữa mẹ, trẻ không cần bất \ncứ các loại thực phẩm nào khác, kể cả nước \n10', 'Bảo quản sữa mẹ đã vắt như thế nào?\nMục lục\nTrước khi vắt sữa mẹ\nBảo quản sữa mẹ sau khi vắt sữa\nĐiều kiện bảo quản sữa mẹ mới vắt tốt nhất\nLưu ý khi cất trữ sữa mẹ\nLưu ý khi đông lạnh sữa mẹ\nSữa mẹ đã rã đông có mùi hoặc trông khác với sữa mẹ tươi không?\nNuôi con bằng sữa mẹ trữ đông\nVệ sinh an toàn các vật dụng cho trẻ sơ sinh và thiết bị hút sữa', 'đường lactose, nước và các chất dinh dưỡng khác\n\uf0fc Sữa cuối bữa bú: bài tiết cuối bữa bú của trẻ. Sữa cuối bữa \nmầu trắng đục vì chứa nhiều chất béo, chất béo này cung \ncấp nhiều năng lượng\n• Tại sao cần cho bú mẹ hết bên vú này mới chuyển sang bế vú\nđối diện?', 'Chế độ ăn khi có thai. \n- Lượng tăng ít nhất 1/4 (tăng số bữa ăn và số lượng cơm, thức ăn trong mỗi bữa). \n- Tăng chất: đảm bảo cho sự phát triển của mẹ và con (thịt, cá, tôm, sữa, trứng, đậu lạc, \nvừng, dầu ăn, rau quả tươi). \n- Uống ít nhất 02 lít nước mỗi ngày (sữa + nước hoa quả + nước lọc) cho đến hết thời kỳ \ncho con bú.']","Sữa mẹ chủ yếu là nước, không có thông tin cụ thể về phần trăm nước trong sữa mẹ.",0.5,1.0,0.6545543291378413,0.9999999999
Thời gian bảo quản sữa mẹ trong ngăn đá tủ lạnh (-18 đến -20°C)?,"Theo tài liệu 1, thời gian bảo quản sữa mẹ trong ngăn đá tủ lạnh có nhiệt độ từ -18 đến -20°C là tốt nhất 6 tháng (có thể để tới 12 tháng).","['Bảo quản sữa mẹ đã vắt ra\nNơi bảo quản Nhiệt độ Thời gian bảo quản\n\uf0b7 Ở nhiệt độ \nphòng 19 - 26°C \uf0b7 Tốt nhất 4 tiếng (có thể để\ntừ 6-8 tiếng)\n\uf0b7 Trong ngăn mát \ntủ lạnh <4°C \uf0b7 Tốt nhất 4 ngày (có thể để\ntới 8 ngày)\n\uf0b7 Trong ngăn đá\ntủ lạnh -18 đến -20°C \uf0b7 Tốt nhất 6 tháng (có thể để \ntới 12 tháng)', 'và trên cùng của ngăn đá tủ lạnh. \n- Thời gian bảo quản sữa mẹ: Nếu ở nhiệt độ 19 - 26 độ \nC thì bảo quản được tốt nhất 4 tiếng (có thể để từ 6-8 tiếng).', 'Lưu ý khi cất trữ sữa mẹ\nGhi nhãn rõ ràng trên bình/túi sữa trước khi trữ đông.\nTrữ đông sữa mẹ bằng tủ đông riêng để đạt được thời gian bảo quản tốt tối đa. Không bảo quản lâu sữa mẹ trong ngăn mát tủ lạnh hoặc ngăn đá tủ lạnh. Thay đổi nhiệt độ từ việc đóng - mở cửa tủ lạnh thường xuyên có thể ảnh hưởng đến chất lượng sữa bảo quản.', 'Sữa mẹ có thể được bảo quản trong túi đá giữ nhiệt tối đa 24 giờ nếu bạn đi du lịch hoặc vận chuyển sữa đến nơi khác, sau đó hãy bảo quản trong tủ đông nếu chưa dùng đến.\nCó thể bảo quản sữa mẹ vắt ra trong túi đá giữ nhiệt tối đa 24 giờ\nRã đông sữa mẹ an toàn\n-Luôn luôn rã đông sữa mẹ cũ nhất trước. Theo thời gian, chất lượng sữa mẹ có thể giảm xuống.\n-Một số cách rã đông sữa mẹ:', '*Thời gian bảo quản được khuyến nghị là rất quan trọng cần tuân theo để có chất lượng tốt nhất.\nNghiên cứu cho thấy rằng việc bảo quản sữa mẹ càng lâu - cho dù trong tủ lạnh hay trong tủ đông thì lượng vitamin C trong sữa bị mất đi càng nhiều.']",Tốt nhất trong 6 tháng và có thể lên tới 12 tháng.,Thời gian bảo quản sữa mẹ trong ngăn đá tủ lạnh (-18 đến -20°C)?,"['Bảo quản sữa mẹ đã vắt ra\nNơi bảo quản Nhiệt độ Thời gian bảo quản\n\uf0b7 Ở nhiệt độ \nphòng 19 - 26°C \uf0b7 Tốt nhất 4 tiếng (có thể để\ntừ 6-8 tiếng)\n\uf0b7 Trong ngăn mát \ntủ lạnh <4°C \uf0b7 Tốt nhất 4 ngày (có thể để\ntới 8 ngày)\n\uf0b7 Trong ngăn đá\ntủ lạnh -18 đến -20°C \uf0b7 Tốt nhất 6 tháng (có thể để \ntới 12 tháng)', 'và trên cùng của ngăn đá tủ lạnh. \n- Thời gian bảo quản sữa mẹ: Nếu ở nhiệt độ 19 - 26 độ \nC thì bảo quản được tốt nhất 4 tiếng (có thể để từ 6-8 tiếng).', 'Lưu ý khi cất trữ sữa mẹ\nGhi nhãn rõ ràng trên bình/túi sữa trước khi trữ đông.\nTrữ đông sữa mẹ bằng tủ đông riêng để đạt được thời gian bảo quản tốt tối đa. Không bảo quản lâu sữa mẹ trong ngăn mát tủ lạnh hoặc ngăn đá tủ lạnh. Thay đổi nhiệt độ từ việc đóng - mở cửa tủ lạnh thường xuyên có thể ảnh hưởng đến chất lượng sữa bảo quản.', 'Sữa mẹ có thể được bảo quản trong túi đá giữ nhiệt tối đa 24 giờ nếu bạn đi du lịch hoặc vận chuyển sữa đến nơi khác, sau đó hãy bảo quản trong tủ đông nếu chưa dùng đến.\nCó thể bảo quản sữa mẹ vắt ra trong túi đá giữ nhiệt tối đa 24 giờ\nRã đông sữa mẹ an toàn\n-Luôn luôn rã đông sữa mẹ cũ nhất trước. Theo thời gian, chất lượng sữa mẹ có thể giảm xuống.\n-Một số cách rã đông sữa mẹ:', '*Thời gian bảo quản được khuyến nghị là rất quan trọng cần tuân theo để có chất lượng tốt nhất.\nNghiên cứu cho thấy rằng việc bảo quản sữa mẹ càng lâu - cho dù trong tủ lạnh hay trong tủ đông thì lượng vitamin C trong sữa bị mất đi càng nhiều.']","Theo tài liệu 1, thời gian bảo quản sữa mẹ trong ngăn đá tủ lạnh có nhiệt độ từ -18 đến -20°C là tốt nhất 6 tháng (có thể để tới 12 tháng).",1.0,1.0,0.9560781135138409,0.8055555555287036
