question,source_raw,expected_sources,profile,dataset
Dấu hiệu lâm sàng chính của băng huyết do đờ tử cung là gì?,Phác đồ Chẩn đoán và xử trí BHSS - Trang 2,phác đồ chẩn đoán và xử trí bhss - trang 2,exact_lexical,KB1_Standard
làm sao để em biết mình đã cân đối đúng lượng thực phẩm trong mỗi bát cháo ăn dặm cho con hàng ngày?,Số bữa ăn dặm trong ngày của trẻ từ 6 tháng.docx,số bữa ăn dặm trong ngày của trẻ từ 6 tháng.docx,exact_lexical,KB1_Standard
Nguyên nhân phổ biến nhất gây băng huyết sau sinh là gì?,Phác đồ Chẩn đoán và xử trí BHSS - Trang 1,phác đồ chẩn đoán và xử trí bhss - trang 1,exact_lexical,KB1_Standard
"Hướng dẫn em cách xử lý, chăm sóc khi bị sản dịch hôi với ạ",d3fa1053-wp8-postpartum-care-handbook-viet.pdf/Trang 32,trang 32,exact_lexical,KB1_Standard
Trẻ nên được bú mẹ lần đầu vào thời điểm nào sau sinh,viendinhduong_nuoi_duong_cham_soc_tre_so_sinh.pdf,viendinhduong_nuoi_duong_cham_soc_tre_so_sinh.pdf,exact_lexical,KB1_Standard
Sau sinh bao lâu em bị sốt và sản dịch hôi thì là bị nhiễm trùng tử cung ạ?,"Nhiễm khuẩn hậu sản - Trang 1, 2","nhiễm khuẩn hậu sản - trang 1, 2",exact_lexical,KB1_Standard
"Ngực em tự nhiên bị sưng cứng và đau nhức quá, có phải em đã bị tắc tia sữa rồi không bác sĩ?",Tắc tia sữa sau sinh.docx,tắc tia sữa sau sinh.docx,exact_lexical,KB1_Standard
bé nhà em được mấy tháng tuổi thì nên bắt đầu cho ăn dặm là tốt nhất cho hệ tiêu hóa của con ạ?,Hướng dẫn đầy đủ về ăn dặm theo khuyến cáo của Viện Dinh dưỡng Quốc gia.docx,hướng dẫn đầy đủ về ăn dặm theo khuyến cáo của viện dinh dưỡng quốc gia.docx,exact_lexical,KB1_Standard
Em nghe nói nếu không bú mẹ thì con dễ bị béo phì khi lớn lên phải không?,1445371_Improving-the-quality-and-care-of ,1445371_improving-the-quality-and-care-of,exact_lexical,KB1_Standard
Sản dịch của em ngày thứ 5 có màu lờ lờ máu cá thì có phải là bất thường không?,Sổ tay 4Steps - Trang 7,sổ tay 4steps - trang 7,exact_lexical,KB1_Standard
Hướng dẫn em cách vắt sữa bằng tay làm sao để không bị đau và tắc tia sữa?,Sổ tay 4Steps - Trang 49,sổ tay 4steps - trang 49,exact_lexical,KB1_Standard
Khi nào thì trẻ bắt đầu bước vào giai đoạn ăn bổ sung (ăn dặm)?,viendinhduong_nuoi_duong_cham_soc_tre_so_sinh.pdf,viendinhduong_nuoi_duong_cham_soc_tre_so_sinh.pdf,exact_lexical,KB1_Standard
Kích thích phản xạ oxytocin trước khi vắt sữa có quan trọng không?,Tài liệu khóa học Nuôi con bằng sữa mẹ.pdf,tài liệu khóa học nuôi con bằng sữa mẹ.pdf,exact_lexical,KB1_Standard
Bú mẹ theo nhu cầu được định nghĩa như thế nào?,Tài liệu khóa học Nuôi con bằng sữa mẹ.pdf,tài liệu khóa học nuôi con bằng sữa mẹ.pdf,exact_lexical,KB1_Standard
Em có nên đánh đòn khi con không nghe lời không?,Sách Không ai hoàn hảo - Hành vi,sách không ai hoàn hảo - hành vi,noisy_conversational,KB1_Standard
"Khi bé bị hạ thân nhiệt nhẹ, em có thể tự xử lý tại nhà bằng cách đội mũ hay đắp thêm chăn ấm cho con được không, hay phải dùng thiết bị chuyên dụng ạ",Hạ thân nhiệt ở trẻ sơ sinh.docx,hạ thân nhiệt ở trẻ sơ sinh.docx,noisy_conversational,KB1_Standard
Nguyên nhân dẫn đến viêm hạch bạch huyết?,qa_me_bim_sau_sinh_100.csv.xlsx,qa_me_bim_sau_sinh_100.csv.xlsx,noisy_conversational,KB1_Standard
Hormon nào chịu trách nhiệm tạo sữa và hormon nào giúp phun sữa?,Tài liệu khóa học Nuôi con bằng sữa mẹ.pdf,tài liệu khóa học nuôi con bằng sữa mẹ.pdf,noisy_conversational,KB1_Standard
Sau khi sinh bao lâu thì em có thể bắt đầu tập các bài thể dục nhẹ nhàng để lấy lại vóc dáng ạ?,Một số câu sản phụ thường hỏi trong thời kỳ hậu sản.docx,một số câu sản phụ thường hỏi trong thời kỳ hậu sản.docx,noisy_conversational,KB1_Standard
Sau sinh bao lâu thì em có thể đi đặt vòng tránh thai được ạ?,Sổ tay 4Steps - Trang 55,sổ tay 4steps - trang 55,noisy_conversational,KB1_Standard
"Em bị mất ngủ và căng thẳng quá, em có nên dùng trà thảo mộc gì không?","Sổ tay 4Steps - Trang 26,27","sổ tay 4steps - trang 26,27",noisy_conversational,KB1_Standard
"Mỗi lần chơi với con, em nên duy trì trong bao lâu là phù hợp để bé không bị quá tải hay quấy khóc vì mệt ạ?",20 trò chơi thú vị.docx,20 trò chơi thú vị.docx,noisy_conversational,KB1_Standard
Em có nên cho bé xem tivi hoặc điện thoại sớm để bé nhanh biết nói và nhận biết mặt chữ không ạ?,Sách Không ai hoàn hảo - Trí tuệ,sách không ai hoàn hảo - trí tuệ,noisy_conversational,KB1_Standard
Tại sao mẹ nên cho trẻ bú hết một bên vú rồi mới chuyển sang vú kia?,Tài liệu khóa học Nuôi con bằng sữa mẹ.pdf,tài liệu khóa học nuôi con bằng sữa mẹ.pdf,noisy_conversational,KB1_Standard
"Em thấy chân của bé có vẻ yếu và không chịu đứng vững khi em dắt tay, những dấu hiệu nào khác cảnh báo con em đang bị chậm vận động",Dấu hiệu cảnh báo trẻ chậm biết đi.docx,dấu hiệu cảnh báo trẻ chậm biết đi.docx,noisy_conversational,KB1_Standard
Nuôi con bằng sữa mẹ thì người mẹ có lợi ích gì về lâu dài không?,1445371_Improving-the-quality-and-care-of ,1445371_improving-the-quality-and-care-of,noisy_conversational,KB1_Standard
"Tình trạng đau nhức toàn thân sau sinh của em thì xoa bóp, massage toàn thân như thế nào để hiệu quả ạ?",Sau sinh bị nhức mỏi toàn thân.docx,sau sinh bị nhức mỏi toàn thân.docx,noisy_conversational,KB1_Standard
"Bé nhà em bị đỏ ở vùng bẹn và bắp đùi, da cứ loét đỏ ra thì là bị gì ạ?",Sổ tay 4Steps - Trang 78,sổ tay 4steps - trang 78,noisy_conversational,KB1_Standard
"việc ""đánh giá sự phát triển của trẻ"" thực chất là kiểm tra những gì và tại sao con em cần phải thực hiện ạ?",Đánh giá sự phát triển của trẻ như thế nào.docx,đánh giá sự phát triển của trẻ như thế nào.docx,noisy_conversational,KB1_Standard
"Bé nhà em mới sinh được vài tuần, em có thể chơi những trò gì đơn giản để bắt đầu tương tác và gắn kết với con không?",20 trò chơi thú vị.docx,20 trò chơi thú vị.docx,noisy_conversational,KB1_Standard
Sau khi sinh xong thì giai đoạn hậu sản được tính kéo dài bao lâu ạ?,1445371_Improving-the-quality-and-care-of ,1445371_improving-the-quality-and-care-of,noisy_conversational,KB1_Standard
"Vết khâu tầng sinh môn của em bị hở, rách, dứt chỉ thì xử lý như thế nào ạ?","d3fa1053-wp8-postpartum-care-handbook-viet.pdf trang 21,22","d3fa1053-wp8-postpartum-care-handbook-viet.pdf trang 21,22",noisy_conversational,KB1_Standard
"Sau sinh tuần đầu, em và bé cần được cán bộ y tế đến thăm khám vào những gì ạ?",Hướng dẫn Quốc gia SKSS - Trang 75,hướng dẫn quốc gia skss - trang 75,noisy_conversational,KB1_Standard
Tầng sinh môn của em bị đau và rách thì chăm sóc tại nhà thế nào?,1445371_Improving-the-quality-and-care-of ,1445371_improving-the-quality-and-care-of,noisy_conversational,KB1_Standard
Tỷ lệ phụ nữ trầm cảm sau sinh là bao nhiêu,Hỗ trợ sức khỏe tâm thần cho phụ nữ sau sinh như thế nào.docx,hỗ trợ sức khỏe tâm thần cho phụ nữ sau sinh như thế nào.docx,quantitative,KB1_Standard
"Đến ngày thứ 3 sau sinh, dung tích dạ dày của bé tăng lên bao nhiêu?",Tài liệu khóa học Nuôi con bằng sữa mẹ.pdf,tài liệu khóa học nuôi con bằng sữa mẹ.pdf,quantitative,KB1_Standard
Mỗi ngày em nên thay tã cho con bao nhiêu lần và thời điểm nào là tốt nhất để thay tã cho bé ạ?,Hướng dẫn về lần thay tã đầu tiên của bé.docx,hướng dẫn về lần thay tã đầu tiên của bé.docx,quantitative,KB1_Standard
Nhu cầu năng lượng bổ sung hàng ngày cho bà mẹ nuôi con bú 6 tháng đầu?,Tài liệu khóa học Nuôi con bằng sữa mẹ.pdf,tài liệu khóa học nuôi con bằng sữa mẹ.pdf,quantitative,KB1_Standard
"Trong 2 giờ đầu sau khi đẻ, người hộ sinh sẽ theo dõi gì quan trọng nhất ở em ạ?",Sổ tay 4Steps - Trang 10,sổ tay 4steps - trang 10,quantitative,KB1_Standard
Những điểm cần lưu ý để bé 34 tháng tuổi có hàm răng phát triển tốt ạ,Trẻ 34 tháng tuổi.docx,trẻ 34 tháng tuổi.docx,quantitative,KB1_Standard
"Bé nhà em 21 tháng tuổi, cao 79cm và nặng 12kg nhưng em thấy chân tay con hơi ngắn, liệu con có nguy cơ bị bệnh lùn không bác sĩ?",Trẻ 21 tháng chậm phát triển chiều cao.docx,trẻ 21 tháng chậm phát triển chiều cao.docx,quantitative,KB1_Standard
Trẻ bao nhiêu tuổi thì bắt đầu hiểu được các quy tắc và kỷ luật ạ?,Sách Không ai hoàn hảo - Hành vi,sách không ai hoàn hảo - hành vi,quantitative,KB1_Standard
"Con em đã 10 tháng tuổi mà vẫn chưa thấy có dấu hiệu muốn trườn hay bò, khi nào thì tình trạng này cần phải đưa đi khám bác sĩ?",Trẻ trốn bò có sao không.docx,trẻ trốn bò có sao không.docx,quantitative,KB1_Standard
Phụ nữ Châu Á mang thai nên tăng bao nhiêu kg là hợp lý?,Tài liệu khóa học Nuôi con bằng sữa mẹ.pdf,tài liệu khóa học nuôi con bằng sữa mẹ.pdf,quantitative,KB1_Standard
"Con em đã 22 tháng tuổi rồi mà vẫn chậm nói, chưa thể phát âm được những từ ngữ cơ bản, bé cứ dùng tay chân để chỉ trỏ mỗi khi muốn gì đó thì có phải là dấu hiệu đáng lo không",Trẻ 22 tháng tuổi chậm nói điều trị như thế nào.docx,trẻ 22 tháng tuổi chậm nói điều trị như thế nào.docx,quantitative,KB1_Standard
Nhu cầu năng lượng từ sữa mẹ/ngày cho trẻ từ 3-5 tháng tuổi là bao nhiêu kcal?,Tài liệu khóa học Nuôi con bằng sữa mẹ.pdf,tài liệu khóa học nuôi con bằng sữa mẹ.pdf,quantitative,KB1_Standard
"Bé nhà em được 2 tháng tuổi và hay đi ngoài nhiều vào ban đêm, em nên dùng loại tã nào để con ngủ ngon mà không bị tràn tã?",Tã dùng một lần.docx,tã dùng một lần.docx,quantitative,KB1_Standard
"Nếu em cho con tập ăn dặm quá sớm, ví dụ như từ lúc 4 tháng tuổi, thì có gây ra tác hại gì cho sức khỏe của bé không?",Hướng dẫn đầy đủ về ăn dặm theo khuyến cáo của Viện Dinh dưỡng Quốc gia.docx,hướng dẫn đầy đủ về ăn dặm theo khuyến cáo của viện dinh dưỡng quốc gia.docx,quantitative,KB1_Standard
Có bao nhiêu trường hợp bà mẹ được khuyến nghị cần vắt sữa?,Tài liệu khóa học Nuôi con bằng sữa mẹ.pdf,tài liệu khóa học nuôi con bằng sữa mẹ.pdf,quantitative,KB1_Standard
Khoảng bao nhiêu ngày thì cổ tử cung của em sẽ đóng kín hoàn toàn sau khi đẻ ạ?,Sổ tay 4Steps - Trang 4,sổ tay 4steps - trang 4,quantitative,KB1_Standard
Dung tích dạ dày trẻ từ ngày thứ 5 đến ngày thứ 7 sau đẻ là bao nhiêu?,Tài liệu khóa học Nuôi con bằng sữa mẹ.pdf,tài liệu khóa học nuôi con bằng sữa mẹ.pdf,quantitative,KB1_Standard
Dung tích dạ dày của trẻ sơ sinh trong ngày đầu tiên là bao nhiêu?,Tài liệu khóa học Nuôi con bằng sữa mẹ.pdf,tài liệu khóa học nuôi con bằng sữa mẹ.pdf,quantitative,KB1_Standard
"Bé nhà em được 34 tháng rồi, em nên sắp xếp các bữa chính và bữa phụ trong ngày như thế nào để đảm bảo con đủ chất ạ?",Trẻ 34 tháng tuổi.docx,trẻ 34 tháng tuổi.docx,quantitative,KB1_Standard
"Bé nhà em bị ngã đập đầu xuống đất, em cần theo dõi những dấu hiệu gì trong 24 giờ tới ạ?",Sách Không ai hoàn hảo - Sức khỏe,sách không ai hoàn hảo - sức khỏe,quantitative,KB1_Standard
Những dấu hiệu cảnh báo bệnh tay chân miệng?,qa_me_bim_sau_sinh_100.csv.xlsx,qa_me_bim_sau_sinh_100.csv.xlsx,semantic,KB1_Standard
Trẻ sơ sinh được định nghĩa là trẻ trong độ tuổi nào,viendinhduong_nuoi_duong_cham_soc_tre_so_sinh.pdf,viendinhduong_nuoi_duong_cham_soc_tre_so_sinh.pdf,semantic,KB1_Standard
Quy trình tái khám sau sinh thường diễn ra như thế nào?,qa_me_bim_sau_sinh_100.csv.xlsx,qa_me_bim_sau_sinh_100.csv.xlsx,semantic,KB1_Standard
Triệu chứng khi núm vú bị nhiễm nấm Candida?,Tài liệu khóa học Nuôi con bằng sữa mẹ.pdf,tài liệu khóa học nuôi con bằng sữa mẹ.pdf,semantic,KB1_Standard
Lợi ích của việc tiêm chủng vắc xin đầy đủ cho trẻ?,viendinhduong_nuoi_duong_cham_soc_tre_so_sinh.pdf,viendinhduong_nuoi_duong_cham_soc_tre_so_sinh.pdf,semantic,KB1_Standard
Bệnh tay chân miệng nguy hiểm ra sao?,qa_me_bim_sau_sinh_100.csv.xlsx,qa_me_bim_sau_sinh_100.csv.xlsx,semantic,KB1_Standard
Sữa mẹ vắt ra có thể bảo quản ở nhiệt độ thường trong bao lâu?,viendinhduong_nuoi_duong_cham_soc_tre_so_sinh.pdf,viendinhduong_nuoi_duong_cham_soc_tre_so_sinh.pdf,semantic,KB1_Standard
10 điều kiện nuôi con bằng sữa mẹ thành công bao gồm những gì?,Tài liệu khóa học Nuôi con bằng sữa mẹ.pdf,tài liệu khóa học nuôi con bằng sữa mẹ.pdf,semantic,KB1_Standard
"Trước khi bế, tắm, thay tã lót cho trẻ hoặc cho trẻ bú, người chăm sóc cần làm gì",viendinhduong_nuoi_duong_cham_soc_tre_so_sinh.pdf,viendinhduong_nuoi_duong_cham_soc_tre_so_sinh.pdf,semantic,KB1_Standard
Nguyên nhân xuất huyết não ở trẻ sơ sinh là gì?,qa_me_bim_sau_sinh_100.csv.xlsx,qa_me_bim_sau_sinh_100.csv.xlsx,semantic,KB1_Standard
Khi nào thì em có thể bắt đầu tập thể dục hoặc vận động nhẹ nhàng sau sinh?,Sổ tay 4Steps - Trang 13,sổ tay 4steps - trang 13,semantic,KB1_Standard
Trầm cảm sau sinh là gì?,Hỗ trợ sức khỏe tâm thần cho phụ nữ sau sinh như thế nào.docx,hỗ trợ sức khỏe tâm thần cho phụ nữ sau sinh như thế nào.docx,semantic,KB1_Standard
Mẹ nhiễm HIV nên nuôi con như thế nào trong thời gian điều trị viêm vú 2 bên?,Tài liệu khóa học Nuôi con bằng sữa mẹ.pdf,tài liệu khóa học nuôi con bằng sữa mẹ.pdf,semantic,KB1_Standard
Nguyên nhân gây nôn ói ở trẻ là gì?,qa_me_bim_sau_sinh_100.csv.xlsx,qa_me_bim_sau_sinh_100.csv.xlsx,semantic,KB1_Standard
Thời kỳ hậu sản là gì?,qa_me_bim_sau_sinh_100.csv.xlsx,qa_me_bim_sau_sinh_100.csv.xlsx,semantic,KB1_Standard
Chăm sóc vết mổ thời kỳ hậu sản cần chú ý những gì?,qa_me_bim_sau_sinh_100.csv.xlsx,qa_me_bim_sau_sinh_100.csv.xlsx,semantic,KB1_Standard
Ưu điểm của việc cho trẻ ăn bằng thìa và cốc so với bú bình?,Tài liệu khóa học Nuôi con bằng sữa mẹ.pdf,tài liệu khóa học nuôi con bằng sữa mẹ.pdf,semantic,KB1_Standard
Hướng dẫn chăm sóc trẻ bị chàm da?,qa_me_bim_sau_sinh_100.csv.xlsx,qa_me_bim_sau_sinh_100.csv.xlsx,semantic,KB1_Standard
Sữa mẹ sau khi vắt ra để ở nhiệt độ phòng (khoảng 25 độ C) thì dùng được trong bao lâu?,Sổ tay 4Steps - Trang 50,sổ tay 4steps - trang 50,semantic,KB1_Standard
Thời điểm cần sử dụng các biện pháp tránh thai sau sinh,"d3fa1053-wp8-postpartum-care-handbook-viet.pdf/Trang 54,55,56","trang 54,55,56",semantic,KB1_Standard
Nguyên nhân phổ biến nhất gây băng huyết sau sinh là j các Mom,Phác đồ Chẩn đoán và xử trí BHSS - Trang 1,phác đồ chẩn đoán và xử trí bhss - trang 1,exact_lexical,KB2_Mom_Style
"Những ngày trời nắng nóng thế này, em sợ con chỉ bú mẹ sẽ bị khát, có cần bổ sung thêm nước lọc cho bé con k",Tại sao chúng ta không cần cho trẻ sơ sinh dưới 6 tháng tuổi uống nước.docx,tại sao chúng ta không cần cho trẻ sơ sinh dưới 6 tháng tuổi uống nước.docx,exact_lexical,KB2_Mom_Style
Bé nhà t nên đc bú mẹ lần đầu vào tg điểm nào sau đẻ,viendinhduong_nuoi_duong_cham_soc_tre_so_sinh.pdf,viendinhduong_nuoi_duong_cham_soc_tre_so_sinh.pdf,exact_lexical,KB2_Mom_Style
Bé nhà mình đc mấy tháng tuổi thì nên bắt đầu cho ăn dặm là tốt nhất cho hệ tiêu hóa của con,Hướng dẫn đầy đủ về ăn dặm theo khuyến cáo của Viện Dinh dưỡng Quốc gia.docx,hướng dẫn đầy đủ về ăn dặm theo khuyến cáo của viện dinh dưỡng quốc gia.docx,exact_lexical,KB2_Mom_Style
Em nghe nói nếu k bú mẹ thì bé nhà mình dễ bị béo phì khi lớn lên fải k,1445371_Improving-the-quality-and-care-of ,1445371_improving-the-quality-and-care-of,exact_lexical,KB2_Mom_Style
Dấu hiệu lâm sàng chính của băng huyết do đờ tử cung là j ạ,Phác đồ Chẩn đoán và xử trí BHSS - Trang 2,phác đồ chẩn đoán và xử trí bhss - trang 2,exact_lexical,KB2_Mom_Style
S Sản dịch của em ngày thứ 5 có màu lờ lờ máu cá thì có phải là bất thường k,Sổ tay 4Steps - Trang 7,sổ tay 4steps - trang 7,exact_lexical,KB2_Mom_Style
Khi nào thì bé con bắt đầu bước vào giai đoạn ăn bổ sung (ăn dặm),viendinhduong_nuoi_duong_cham_soc_tre_so_sinh.pdf,viendinhduong_nuoi_duong_cham_soc_tre_so_sinh.pdf,exact_lexical,KB2_Mom_Style
Làm sao để em biết mình đã cân đối đúng lượng thực phẩm trong mỗi bát cháo ăn dặm cho con hàng ngày,Số bữa ăn dặm trong ngày của trẻ từ 6 tháng.docx,số bữa ăn dặm trong ngày của trẻ từ 6 tháng.docx,exact_lexical,KB2_Mom_Style
Bú mẹ theo nhu cầu đc định nghĩa như thế nào chat ơi,Tài liệu khóa học Nuôi con bằng sữa mẹ.pdf,tài liệu khóa học nuôi con bằng sữa mẹ.pdf,exact_lexical,KB2_Mom_Style
Nguyên tắc cho bé ăn dặm về độ đặc và số lượng là j ạ,viendinhduong_nuoi_duong_cham_soc_tre_so_sinh.pdf,viendinhduong_nuoi_duong_cham_soc_tre_so_sinh.pdf,exact_lexical,KB2_Mom_Style
Sau sinh bao lâu em bị sốt và sản dịch hôi thì là bị nhiễm trùng tử cung bs ơi?,"Nhiễm khuẩn hậu sản - Trang 1, 2","nhiễm khuẩn hậu sản - trang 1, 2",exact_lexical,KB2_Mom_Style
Liệu bế con không đúng tư thế có phải là một trong những nguyên nhân dẫn đến đau nhức mỏi lưng pải k ạ,Sau sinh bị nhức mỏi toàn thân.docx,sau sinh bị nhức mỏi toàn thân.docx,noisy_conversational,KB2_Mom_Style
Tại sao trẻ nhỏ lại hay tò mò và thích sờ vào những đồ vật nguy hiểm vậy mn,Sách Không ai hoàn hảo - Hành vi,sách không ai hoàn hảo - hành vi,noisy_conversational,KB2_Mom_Style
viêm hạch bạch huyết sau tiêm ngừa lao là j,qa_me_bim_sau_sinh_100.csv.xlsx,qa_me_bim_sau_sinh_100.csv.xlsx,noisy_conversational,KB2_Mom_Style
Nguyên nhân dẫn đến viêm hạch bạch huyết là ntn a,qa_me_bim_sau_sinh_100.csv.xlsx,qa_me_bim_sau_sinh_100.csv.xlsx,noisy_conversational,KB2_Mom_Style
Tại sao k nên cho bé bú bình hoặc dùng núm vú giả ạ,Tài liệu khóa học Nuôi con bằng sữa mẹ.pdf,tài liệu khóa học nuôi con bằng sữa mẹ.pdf,noisy_conversational,KB2_Mom_Style
Sau khi mổ xong bị rét run người thì bé con có đc tiếp tục nằm da kề da k mn ơi,QĐ 4673/QĐ-BYT - Trang 10,qđ-byt - trang 10,noisy_conversational,KB2_Mom_Style
"Khi giặt tã vải cho con, em nên chọn loại chất tẩy rửa j để vừa sạch vết bẩn vừa k làm hỏng tã?",Cách giặt tã vải cho trẻ nhỏ.docx,cách giặt tã vải cho trẻ nhỏ.docx,noisy_conversational,KB2_Mom_Style
Làm thế nào để thu hút sự chú ý của con trong các hoạt động v,qa_me_bim_sau_sinh_100.csv.xlsx,qa_me_bim_sau_sinh_100.csv.xlsx,noisy_conversational,KB2_Mom_Style
Em muốn làm tiêu sưa (mất sưa) nhanh sau khi mất con thì nên dùng mẹo j bs ơi,"Sổ tay 4Steps - Trang 64,65","sổ tay 4steps - trang 64,65",noisy_conversational,KB2_Mom_Style
"Bé con bị nấm miệng như vậy thì có đau lắm k, sao dạo này em thấy con hay khóc khi đang bú và ăn kém đi hẳn",Nấm miệng.docx,nấm miệng.docx,noisy_conversational,KB2_Mom_Style
"Con thường xuyên thức giấc giữa đêm và khóc, fải làm j để bé ngủ sâu hơn mn ơi",Sách Không ai hoàn hảo - Hành vi,sách không ai hoàn hảo - hành vi,noisy_conversational,KB2_Mom_Style
Tại sao các Mom nên cho bé bú hết 1 bên vú rồi ms chuyển sang vú kia,Tài liệu khóa học Nuôi con bằng sữa mẹ.pdf,tài liệu khóa học nuôi con bằng sữa mẹ.pdf,noisy_conversational,KB2_Mom_Style
"Mỗi lần chơi với con, em nên duy trì trong bao lâu là phù hợp để bé k bị quá tải hay quấy khóc vì mệt?",20 trò chơi thú vị.docx,20 trò chơi thú vị.docx,noisy_conversational,KB2_Mom_Style
Những trường hợp nào các Mom k nên cho con bú mà pải dùng sữa thay thế,viendinhduong_nuoi_duong_cham_soc_tre_so_sinh.pdf,viendinhduong_nuoi_duong_cham_soc_tre_so_sinh.pdf,noisy_conversational,KB2_Mom_Style
Sưa mẹ sau khi vắt ra để ở nhiệt độ phòng (khoảng 25 độ C) thì dùng đc trong bao lâu mn ơi,Sổ tay 4Steps - Trang 50,sổ tay 4steps - trang 50,noisy_conversational,KB2_Mom_Style
"Khi điều trị béo phì cho trẻ, gia đình có cần fải phối hợp cùng bác sĩ tâm lý k hay chỉ cần ăn kiêng là đủ",Nguyên nhân và cách điều trị béo phì ở trẻ em.docx,nguyên nhân và cách điều trị béo phì ở trẻ em.docx,noisy_conversational,KB2_Mom_Style
Sau khi bé đã thành thạo kỹ năng lật thì cột mốc vận động quan trọng tiếp theo mà em nên mong đợi là j,Cột mốc quan trọng của bé.docx,cột mốc quan trọng của bé.docx,noisy_conversational,KB2_Mom_Style
Sưa mẹ bảo quản trong ngăn mát tủ lạnh (<4°C) đc bao lâu mn ơi,Tài liệu khóa học Nuôi con bằng sữa mẹ.pdf,tài liệu khóa học nuôi con bằng sữa mẹ.pdf,noisy_conversational,KB2_Mom_Style
Sa tử cung sau sinh là j và tại sao phụ nữ sau khi đẻ lại dễ bị tình trạng này,Phòng ngừa sa tử cung sau sinh.docx,phòng ngừa sa tử cung sau sinh.docx,noisy_conversational,KB2_Mom_Style
Hướng dẫn em cách vắt sưa bằng tay làm sao để k bị đau và tắc tia sưa bs ơi,Sổ tay 4Steps - Trang 49,sổ tay 4steps - trang 49,noisy_conversational,KB2_Mom_Style
Mẹ sau sinh cần bổ sung Vitamin A với liều lượng bao nhiêu bs ơi,viendinhduong_nuoi_duong_cham_soc_tre_so_sinh.pdf,viendinhduong_nuoi_duong_cham_soc_tre_so_sinh.pdf,quantitative,KB2_Mom_Style
"Đến ngày thứ 3 sau sinh, dung tích dạ dày của bé tăng lên bao nhiêu ạ",Tài liệu khóa học Nuôi con bằng sữa mẹ.pdf,tài liệu khóa học nuôi con bằng sữa mẹ.pdf,quantitative,KB2_Mom_Style
"Định nghĩa chính xác về việc ""nuôi con hoàn toàn bằng sưa mẹ"" trong 6 tháng đầu là ntn",Tại sao chúng ta không cần cho trẻ sơ sinh dưới 6 tháng tuổi uống nước.docx,tại sao chúng ta không cần cho trẻ sơ sinh dưới 6 tháng tuổi uống nước.docx,quantitative,KB2_Mom_Style
Nhu cầu năng lượng bổ sung hàng ngày cho mẹ bỉm nuôi con bú 6 tháng đầu,Tài liệu khóa học Nuôi con bằng sữa mẹ.pdf,tài liệu khóa học nuôi con bằng sữa mẹ.pdf,quantitative,KB2_Mom_Style
"Em nghe nói tã dùng 1 lần khó phân hủy và ảnh hưởng môi trường, có giải pháp nào cho các mẹ bỉm muốn sống xanh k",Tã dùng một lần.docx,tã dùng một lần.docx,quantitative,KB2_Mom_Style
"Ở nhà em nên để nhiệt độ phòng bao nhiêu là tốt nhất và cần làm j ngay khi sinh để giữ ấm cho bé, tránh cho con bị nhiễm lạnh?",Hạ thân nhiệt ở trẻ sơ sinh.docx,hạ thân nhiệt ở trẻ sơ sinh.docx,quantitative,KB2_Mom_Style
"Bé con bị ngã đập đầu xuống đất, cần theo dõi những dấu hiệu j trong 24 giờ tới mn ơi",Sách Không ai hoàn hảo - Sức khỏe,sách không ai hoàn hảo - sức khỏe,quantitative,KB2_Mom_Style
Mỗi ngày em nên thay tã cho con bao nhiêu lần và thời điểm nào là tốt nhất để thay tã cho bé,Hướng dẫn về lần thay tã đầu tiên của bé.docx,hướng dẫn về lần thay tã đầu tiên của bé.docx,quantitative,KB2_Mom_Style
Trẻ từ 4 đến 6 tháng tuổi thì nên chơi những trò j v a,20 trò chơi thú vị.docx,20 trò chơi thú vị.docx,quantitative,KB2_Mom_Style
Phụ nữ Châu Á mang thai nên tăng bao nhiêu kg là hợp lý v,Tài liệu khóa học Nuôi con bằng sữa mẹ.pdf,tài liệu khóa học nuôi con bằng sữa mẹ.pdf,quantitative,KB2_Mom_Style
"Bé nhà t 6 tháng tuổi đang tập ăn dặm mà bị tiêu chảy kéo dài, em có nên tiếp tục cho con ăn cháo cà rốt hay thay đổi chế độ ăn ntn?",Dinh dưỡng khi trẻ bị tiêu chảy.docx,dinh dưỡng khi trẻ bị tiêu chảy.docx,quantitative,KB2_Mom_Style
Sưa mẹ chứa bao nhiêu năng lượng trong 1 lít bs ơi,Tài liệu khóa học Nuôi con bằng sữa mẹ.pdf,tài liệu khóa học nuôi con bằng sữa mẹ.pdf,quantitative,KB2_Mom_Style
"Con em đã 6 tháng rùi mà vẫn chưa biết lật từ sau ra trước, liệu như vậy có phải là bé đang chậm phát triển k?",Cột mốc quan trọng của bé.docx,cột mốc quan trọng của bé.docx,quantitative,KB2_Mom_Style
Trẻ bao nhiêu tuổi thì bắt đầu hiểu đc các quy tắc và kỷ luật ạ,Sách Không ai hoàn hảo - Hành vi,sách không ai hoàn hảo - hành vi,quantitative,KB2_Mom_Style
Có bao nhiêu trường hợp các Mom đc khuyến nghị cần vắt sưa,Tài liệu khóa học Nuôi con bằng sữa mẹ.pdf,tài liệu khóa học nuôi con bằng sữa mẹ.pdf,quantitative,KB2_Mom_Style
Khoảng bao nhiêu ngày thì cổ tử cung của em sẽ đóng kín hoàn toàn sau khi đẻ các v ạ,Sổ tay 4Steps - Trang 4,sổ tay 4steps - trang 4,quantitative,KB2_Mom_Style
Dung tích dạ dày bé từ ngày thứ 5 đến ngày thứ 7 sau đẻ là bao nhiêu v a,Tài liệu khóa học Nuôi con bằng sữa mẹ.pdf,tài liệu khóa học nuôi con bằng sữa mẹ.pdf,quantitative,KB2_Mom_Style
Dung tích dạ dày của bé sơ sinh trong ngày đầu tiên là bao nhiêu z,Tài liệu khóa học Nuôi con bằng sữa mẹ.pdf,tài liệu khóa học nuôi con bằng sữa mẹ.pdf,quantitative,KB2_Mom_Style
"Bé nhà mình 2 tháng tuổi mà ngón tay cái cứ gập vào trong lòng bàn tay, k duỗi thẳng ra đc thì có phải là dấu hiệu bệnh j nguy hiểm k",Trẻ 2 tháng tuổi không duỗi thẳng được ngón cái là dấu hiệu bệnh gì.docx,trẻ 2 tháng tuổi không duỗi thẳng được ngón cái là dấu hiệu bệnh gì.docx,quantitative,KB2_Mom_Style
"Trong 2 giờ đầu sau khi đẻ, người hộ sinh sẽ theo dõi j quan trọng nhất ở em nhi",Sổ tay 4Steps - Trang 10,sổ tay 4steps - trang 10,quantitative,KB2_Mom_Style
"Vết khâu tầng sinh môn của em bị hở, rách, dứt chỉ thì xử lý ntn v a","d3fa1053-wp8-postpartum-care-handbook-viet.pdf trang 21,22","d3fa1053-wp8-postpartum-care-handbook-viet.pdf trang 21,22",semantic,KB2_Mom_Style
Em đang cho con bú mà fải dùng thuốc kháng sinh thì có ảnh hưởng j đến việc bé bị nấm miệng k,Nấm miệng.docx,nấm miệng.docx,semantic,KB2_Mom_Style
Đặc điểm nhận biết bị chàm da ở trẻ la ntn,qa_me_bim_sau_sinh_100.csv.xlsx,qa_me_bim_sau_sinh_100.csv.xlsx,semantic,KB2_Mom_Style
Những thực phẩm nào mẹ bỉm mang thai nên dùng để cung cấp năng lượng,Tài liệu khóa học Nuôi con bằng sữa mẹ.pdf,tài liệu khóa học nuôi con bằng sữa mẹ.pdf,semantic,KB2_Mom_Style
Cho trẻ uống thuốc gì khi nôn ói v a,qa_me_bim_sau_sinh_100.csv.xlsx,qa_me_bim_sau_sinh_100.csv.xlsx,semantic,KB2_Mom_Style
Giải pháp phòng ngừa bệnh xuất huyết não ở trẻ ntn,qa_me_bim_sau_sinh_100.csv.xlsx,qa_me_bim_sau_sinh_100.csv.xlsx,semantic,KB2_Mom_Style
"Bé nhà t mới sinh đc vài tuần, em có thể chơi những trò j đơn giản để bắt đầu tương tác và gắn kết với con k?",20 trò chơi thú vị.docx,20 trò chơi thú vị.docx,semantic,KB2_Mom_Style
Em nên bắt đầu tập các bài tập phục hồi sàn chậu từ khi nào và cần lưu ý j khi tập k,Phục hồi chức năng sàn chậu và lợi ích đối với các bà mẹ sau sinh.docx,phục hồi chức năng sàn chậu và lợi ích đối với các bà mẹ sau sinh.docx,semantic,KB2_Mom_Style
Cách xử trí khi vú bị căng sưa hoặc cương tức fải làm sao,Tài liệu khóa học Nuôi con bằng sữa mẹ.pdf,tài liệu khóa học nuôi con bằng sữa mẹ.pdf,semantic,KB2_Mom_Style
Cách xử trí ở nhà khi bé nhà t bị sốt cao fải làm sao,viendinhduong_nuoi_duong_cham_soc_tre_so_sinh.pdf,viendinhduong_nuoi_duong_cham_soc_tre_so_sinh.pdf,semantic,KB2_Mom_Style
Có mẹo nào giúp em dễ đi tiểu hơn khi đang bị bí tiểu ở viện k,"Sổ tay 4Steps - Trang 8, 18","sổ tay 4steps - trang 8, 18",semantic,KB2_Mom_Style
Quy trình tái khám sau sinh mổ diễn ra ntn,qa_me_bim_sau_sinh_100.csv.xlsx,qa_me_bim_sau_sinh_100.csv.xlsx,semantic,KB2_Mom_Style
Khi nào thì con em ms bắt đầu có thể uống thêm nước đun sôi để nguội và lượng uống ntn là phù hợp,Tại sao chúng ta không cần cho trẻ sơ sinh dưới 6 tháng tuổi uống nước.docx,tại sao chúng ta không cần cho trẻ sơ sinh dưới 6 tháng tuổi uống nước.docx,semantic,KB2_Mom_Style
Vết mổ đẻ của em bị sưng và thấy có mủ chảy ra và tấy đổ quanh vết khâu thì em fải xử lý thế nào a,Sốt sau mổ lấy thai - Trang 2,sốt sau mổ lấy thai - trang 2,semantic,KB2_Mom_Style
Em fải kiên trì tập Kegel trong bao lâu thì ms bắt đầu cảm thấy cơ thể mình có sự thay đổi rõ rệt,Phục hồi chức năng sàn chậu và lợi ích đối với các bà mẹ sau sinh.docx,phục hồi chức năng sàn chậu và lợi ích đối với các bà mẹ sau sinh.docx,semantic,KB2_Mom_Style
Lợi ích của việc tiêm chủng vắc xin đầy đủ cho bé nhà t,viendinhduong_nuoi_duong_cham_soc_tre_so_sinh.pdf,viendinhduong_nuoi_duong_cham_soc_tre_so_sinh.pdf,semantic,KB2_Mom_Style
Tầng sinh môn của em bị đau và rách thì chăm sóc ở nhà thế nào bs ơi,1445371_Improving-the-quality-and-care-of ,1445371_improving-the-quality-and-care-of,semantic,KB2_Mom_Style
Đặc tính của sữa non là j,Tài liệu khóa học Nuôi con bằng sữa mẹ.pdf,tài liệu khóa học nuôi con bằng sữa mẹ.pdf,semantic,KB2_Mom_Style
Bệnh tay chân miệng lây lan ntn,qa_me_bim_sau_sinh_100.csv.xlsx,qa_me_bim_sau_sinh_100.csv.xlsx,semantic,KB2_Mom_Style
Tái khám sau sinh là j v,qa_me_bim_sau_sinh_100.csv.xlsx,qa_me_bim_sau_sinh_100.csv.xlsx,semantic,KB2_Mom_Style
"Hôm nay con em ăn dặm mới ói một bài, cho em hỏi cần cho trẻ uống thuốc gì khi nôn ói?",qa_me_bim_sau_sinh_100.csv.xlsx,qa_me_bim_sau_sinh_100.csv.xlsx,exact_lexical,KB3_Information_Noise
"Em đang định vắt sữa bằng máy công nghiệp, hướng dẫn em cách vắt sữa bằng tay làm sao để không bị đau và tắc tia sữa ạ",Sổ tay 4Steps - Trang 49,sổ tay 4steps - trang 49,exact_lexical,KB3_Information_Noise
"Bác sĩ ơi, bà nội em bảo chỉ cần cháo trắng thịt lợn là đủ chất rồi cần gì rau củ rườm rà, trong một bát bột ăn dặm chuẩn cho bé, em cần phải đảm bảo có đủ 4 nhóm chất dinh dưỡng nào ạ",Hướng dẫn đầy đủ về ăn dặm theo khuyến cáo của Viện Dinh dưỡng Quốc gia.docx,hướng dẫn đầy đủ về ăn dặm theo khuyến cáo của viện dinh dưỡng quốc gia.docx,exact_lexical,KB3_Information_Noise
"Em đang định chườm đá lạnh lên ngực vì sưng quá, ngực em tự nhiên bị sưng cứng và đau nhức quá, có phải em đã bị tắc tia sữa rồi không ạ",Tắc tia sữa sau sinh.docx,tắc tia sữa sau sinh.docx,exact_lexical,KB3_Information_Noise
"Chị họ em sinh đôi bị băng huyết sợ quá, nguyên nhân phổ biến nhất gây băng huyết sau sinh là gì ạ",Phác đồ Chẩn đoán và xử trí BHSS - Trang 1,phác đồ chẩn đoán và xử trí bhss - trang 1,exact_lexical,KB3_Information_Noise
"Em sờ thấy bụng mềm nhưng bố chồng bảo cứng mới đúng, dấu hiệu lâm sàng chính của băng huyết do đờ tử cung là gì ạ",Phác đồ Chẩn đoán và xử trí BHSS - Trang 2,phác đồ chẩn đoán và xử trí bhss - trang 2,exact_lexical,KB3_Information_Noise
"Con em đang bú sữa mẹ và uống vitamin, cho em hỏi thiếu vitamin D gây ảnh hưởng như thế nào?",qa_me_bim_sau_sinh_100.csv.xlsx,qa_me_bim_sau_sinh_100.csv.xlsx,exact_lexical,KB3_Information_Noise
"Em lo quá vì mẹ chồng cứ bắt bơm thêm canxi vào cháo cho cháu, làm sao để em biết mình đã cân đối đúng lượng thực phẩm trong mỗi bát cháo ăn dặm cho con hàng ngày",Số bữa ăn dặm trong ngày của trẻ từ 6 tháng.docx,số bữa ăn dặm trong ngày của trẻ từ 6 tháng.docx,exact_lexical,KB3_Information_Noise
"Em vừa ăn canh táo đỏposition setPosition(position) cho nhiều sữa, nhưng sau sinh bao lâu em bị sốt và sản dịch hôi thì là bị nhiễm trùng tử cung ạ","Nhiễm khuẩn hậu sản - Trang 1, 2","nhiễm khuẩn hậu sản - trang 1, 2",exact_lexical,KB3_Information_Noise
"Em stress quá vì chồng đi công tác, không biết trẻ nên được bú mẹ lần đầu vào thời điểm nào sau sinh để em cố gắng đúng giờ",viendinhduong_nuoi_duong_cham_soc_tre_so_sinh.pdf,viendinhduong_nuoi_duong_cham_soc_tre_so_sinh.pdf,exact_lexical,KB3_Information_Noise
"Em hay cãi nhau với mẹ chồng nên stress, cho em hỏi kích thích phản xạ oxytocin trước khi vắt sữa có quan trọng không ạ",Tài liệu khóa học Nuôi con bằng sữa mẹ.pdf,tài liệu khóa học nuôi con bằng sữa mẹ.pdf,exact_lexical,KB3_Information_Noise
"Em đang định dùng lá tía tô đun tắm cho con hết vàng da, làm sao để phân biệt vàng da sinh lý và vàng da bệnh lý ở trẻ sơ sinh ạ","Sổ tay 4Steps - Trang 76, 85","sổ tay 4steps - trang 76, 85",exact_lexical,KB3_Information_Noise
"Em đặt báo thức 3 tiếng cho bú một lần, bú mẹ theo nhu cầu được định nghĩa như thế nào có đúng như em làm không ạ",Tài liệu khóa học Nuôi con bằng sữa mẹ.pdf,tài liệu khóa học nuôi con bằng sữa mẹ.pdf,exact_lexical,KB3_Information_Noise
"Em đang mặc quần lót đen, sản dịch của em ngày thứ 5 có màu lờ lờ máu cá thì có phải là bất thường không ạ",Sổ tay 4Steps - Trang 7,sổ tay 4steps - trang 7,exact_lexical,KB3_Information_Noise
"Bà nội em bảo bú bình con mới béo, em nghe nói nếu không bú mẹ thì con dễ bị béo phì khi lớn lên phải không ạ",1445371_Improving-the-quality-and-care-of ,1445371_improving-the-quality-and-care-of,exact_lexical,KB3_Information_Noise
"Em đang định dùng xà phòng diệt khuẩn để rửa ti, cách xử trí nứt núm vú cho bà mẹ sau bú là gì ạ",Tài liệu khóa học Nuôi con bằng sữa mẹ.pdf,tài liệu khóa học nuôi con bằng sữa mẹ.pdf,noisy_conversational,KB3_Information_Noise
"Em đang định cho bé bú bình vì vết mổ quá đau, em sinh mổ thì bao lâu mới có thể bắt đầu cho bé bú bữa sữa đầu tiên được ạ","QĐ 4673/QĐ-BYT - Trang 9, 10","qđ-byt - trang 9, 10",noisy_conversational,KB3_Information_Noise
"Em đang dùng khăn giấy lau bếp để lau cho con cho nhanh, khi thay tã cho bé sơ sinh, em nên lau rửa cho con theo hướng nào để đảm bảo vệ sinh và tránh nhiễm trùng ạ",Hướng dẫn về lần thay tã đầu tiên của bé.docx,hướng dẫn về lần thay tã đầu tiên của bé.docx,noisy_conversational,KB3_Information_Noise
"Em đang định dùng bàn chải lông cứng của người lớn cho con, em nên vệ sinh răng miệng cho bé từ khi nào và dùng dụng cụ gì cho an toàn ạ",Sách Không ai hoàn hảo - Sức khỏe,sách không ai hoàn hảo - sức khỏe,noisy_conversational,KB3_Information_Noise
"Em đnag cãi nhau với chồng, em stress quá có nên đi tái khám sau sinh không?",qa_me_bim_sau_sinh_100.csv.xlsx,qa_me_bim_sau_sinh_100.csv.xlsx,noisy_conversational,KB3_Information_Noise
"Em vội vàng dọn dẹp nhà cửa nên cứ tống cho con cái kẹo ngọt để nó ngoan, giờ thì con lười đánh răng lại hay bị sâu, bác sĩ hướng dẫn em cách chăm sóc răng miệng đúng cách để con không bị sâu răng sớm ạ",Trẻ 34 tháng tuổi.docx,trẻ 34 tháng tuổi.docx,noisy_conversational,KB3_Information_Noise
"Em đang đi mua sắm đồ cho bé mới, nếu em bị mất con sau sinh thì nên ăn uống thế nào để cơ thể nhanh hồi phục ạ?",Sổ tay 4Steps - Trang 64,sổ tay 4steps - trang 64,noisy_conversational,KB3_Information_Noise
"Em đang định tự đun dầu đun sôi để làm màng tã chống thấm, em lo ngại các hóa chất trong tã giấy, có loại tã nào không chứa gel siêu thấm hay chất tẩy trắng clo để an toàn hơn cho da bé không ạ",Tã dùng một lần.docx,tã dùng một lần.docx,noisy_conversational,KB3_Information_Noise
"Con em nó ăn ít quá, chồng em và bà ngoại lo quá, cho em hỏi nghén điều trị như thế nào?",qa_me_bim_sau_sinh_100.csv.xlsx,qa_me_bim_sau_sinh_100.csv.xlsx,noisy_conversational,KB3_Information_Noise
"Em đang định cho con xem máy tính học lập trình, làm sao để em nhận biết được bé nhà em đang bắt đầu học hỏi và khám phá thế giới xung quanh ạ",Sách Không ai hoàn hảo - Trí tuệ,sách không ai hoàn hảo - trí tuệ,noisy_conversational,KB3_Information_Noise
"Em đang bị cảm cúm sổ mũi, em bị rét run ngay sau khi vừa đẻ xong thì có phải là bị nhiễm trùng không ạ",Sổ tay 4Steps - Trang 9,sổ tay 4steps - trang 9,noisy_conversational,KB3_Information_Noise
"Chồng em cứ bảo mua về mặc luôn cho khỏe, nhưng em thì nghĩ đồ mới có hóa chất, em mới mua tã vải về cho con thì có cần phải giặt trước khi dùng không",Cách giặt tã vải cho trẻ nhỏ.docx,cách giặt tã vải cho trẻ nhỏ.docx,noisy_conversational,KB3_Information_Noise
"Em stress quá vì chồng mua cả lốc thuốc bổ thần kỳ bảo cho con uống cho thông minh, ngoài việc chơi đùa, em có cần bổ sung thêm dưỡng chất gì để hỗ trợ bé có đủ năng lượng và sự tập trung khi tham gia các hoạt động này không",20 trò chơi thú vị.docx,20 trò chơi thú vị.docx,noisy_conversational,KB3_Information_Noise
"Chồng em đang bật nhạc sàn cực to cho con nghe, bé hay bị nôn trớ thì em phải xử lý thế nào để bé không bị sặc ạ?",Sổ tay 4Steps - Trang 74,sổ tay 4steps - trang 74,noisy_conversational,KB3_Information_Noise
"Em đang định nâng tạ nặng để tập thể dục, làm sao để em có thể phòng ngừa hiệu quả bệnh sa tử cung ngay tại nhà sau khi sinh em bé ạ",Phòng ngừa sa tử cung sau sinh.docx,phòng ngừa sa tử cung sau sinh.docx,noisy_conversational,KB3_Information_Noise
"Em đang tính mua kẹo mút để dỗ con, con em hay giận dỗi, nằm lăn ra sàn khóc ăn vạ thì em nên làm gì ạ",Sách Không ai hoàn hảo - Hành vi,sách không ai hoàn hảo - hành vi,noisy_conversational,KB3_Information_Noise
"Em đang tính đeo vòng tránh thai để tập thể dục, em thấy vùng kín có cảm giác nặng nề, trì trệ như có vật gì sắp rơi ra, đây có phải là dấu hiệu của sa tử cung không ạ",Phòng ngừa sa tử cung sau sinh.docx,phòng ngừa sa tử cung sau sinh.docx,noisy_conversational,KB3_Information_Noise
"Em đang bị ngứa ở vùng kín mà dùng thuốc tím, huyết trắng của em đóng mảng trắng đục như váng sữa kèm ngứa nóng rát là bị làm sao ạ",Ts. Bs. Huỳnh Thị Thu Thủy - Trang 4,ts. bs. huỳnh thị thu thủy - trang 4,noisy_conversational,KB3_Information_Noise
"Em đang định giặt tã bằng nước rửa chén vì thấy dơ bẩn, sau khi bé thay tã vải xong, em nên xử lý và giặt giũ tã như thế nào để đảm bảo sạch khuẩn cho lần dùng sau ạ",Cách thay tã vải cho trẻ sơ sinh.docx,cách thay tã vải cho trẻ sơ sinh.docx,noisy_conversational,KB3_Information_Noise
"Em thì hay nói chuyện với con liên tục nhưng bà nội bảo nói con nó có hiểu gì đâu làm rộn, ngoài việc phát âm, em cần quan sát những phản ứng nào khác của con đối với lời nói của cha mẹ để biết bé phát triển tâm sinh lý bình thường ạ",Bé hơn 6 tháng chưa biết.docx,bé hơn 6 tháng chưa biết.docx,noisy_conversational,KB3_Information_Noise
"Em đang tập yoga thử, khoảng bao nhiêu ngày thì cổ tử cung của em sẽ đóng kín hoàn toàn sau khi đẻ ạ",Sổ tay 4Steps - Trang 4,sổ tay 4steps - trang 4,quantitative,KB3_Information_Noise
"Em mất ngủ 2 ngày nay, lo lắng thái quá, liệt kê giúp em các dấu hiệu nguy hiểm ở trẻ sơ sinh cần đi khám ngay được không",viendinhduong_nuoi_duong_cham_soc_tre_so_sinh.pdf,viendinhduong_nuoi_duong_cham_soc_tre_so_sinh.pdf,quantitative,KB3_Information_Noise
"Dạo này công việc bù đầustress quá, em lúng túng không nhớ liều lượng, con em bước sang tháng thứ 7 đến tháng thứ 9, em có cần tăng thêm số lượng bữa ăn dặm cho bé không bác sĩ",Số bữa ăn dặm trong ngày của trẻ từ 6 tháng.docx,số bữa ăn dặm trong ngày của trẻ từ 6 tháng.docx,quantitative,KB3_Information_Noise
"Em đâu đầu về thực đơn một ngày của trẻ quá , cho em hỏi trẻ từ 12-24 tháng tuổi cần ăn bao nhiêu bữa một ngày ạ",viendinhduong_nuoi_duong_cham_soc_tre_so_sinh.pdf,viendinhduong_nuoi_duong_cham_soc_tre_so_sinh.pdf,quantitative,KB3_Information_Noise
"Hàng xóm bảo con trai 21 tháng 12kg là bình thường còn em thì lo bé chân tay ngắn, em stress quá, bé nhà em 21 tháng tuổi, cao 79cm và nặng 12kg, liệu con có nguy cơ bị bệnh lùn không bác sĩ",Trẻ 21 tháng chậm phát triển chiều cao.docx,trẻ 21 tháng chậm phát triển chiều cao.docx,quantitative,KB3_Information_Noise
"Con em trộm vía được 1 tháng rồi, sau khi sinh xong thì giai đoạn hậu sản được tính kéo dài bao lâu ạ?",1445371_Improving-the-quality-and-care-of ,1445371_improving-the-quality-and-care-of,quantitative,KB3_Information_Noise
"Em đi làm về mệt quá không muốn vắt sữa, có bao nhiêu trường hợp bà mẹ được khuyến nghị cần vắt sữa ạ",Tài liệu khóa học Nuôi con bằng sữa mẹ.pdf,tài liệu khóa học nuôi con bằng sữa mẹ.pdf,quantitative,KB3_Information_Noise
"Chị bên cạnh bảo con mình 1 tuổi đã biết đọc chữ, trẻ bao nhiêu tuổi thì bắt đầu hiểu được các quy tắc và kỷ luật ạ",Sách Không ai hoàn hảo - Hành vi,sách không ai hoàn hảo - hành vi,quantitative,KB3_Information_Noise
"Em lo quá bác sĩ ạ, chị hàng xóm bảo bé 4 tháng đã cho ăn dặm cho cứng cáp, nhưng em thấy con chưa chắc đã tiêu hóa nổi, bé nhà em mấy tháng tuổi thì nên bắt đầu cho ăn dặm là tốt nhất ạ",Hướng dẫn đầy đủ về ăn dặm theo khuyến cáo của Viện Dinh dưỡng Quốc gia.docx,hướng dẫn đầy đủ về ăn dặm theo khuyến cáo của viện dinh dưỡng quốc gia.docx,quantitative,KB3_Information_Noise
"Em tính cho con dùng thêm sữa công thức vì thấy bé hay khóc, lượng sữa cần cho trẻ từ khi sinh đến 1 tháng tuổi là bao nhiêu mỗi ngày ạ",Tài liệu khóa học Nuôi con bằng sữa mẹ.pdf,tài liệu khóa học nuôi con bằng sữa mẹ.pdf,quantitative,KB3_Information_Noise
"Em đang tính mua rễ cây ráy về đắp lên rốn, sau 2 tuần mà rốn bé vẫn chưa rụng thì em có cần đưa bé đi viện không ạ",Sổ tay 4Steps - Trang 96,sổ tay 4steps - trang 96,quantitative,KB3_Information_Noise
"Em đang uống nhiều nước lọc vì sợ ít sữa, sữa mẹ chứa bao nhiêu phần trăm là nước ạ",Tài liệu khóa học Nuôi con bằng sữa mẹ.pdf,tài liệu khóa học nuôi con bằng sữa mẹ.pdf,quantitative,KB3_Information_Noise
"Mẹ chồng em bảo phòng mát 22 độ là đẹp cho cháu, còn em thì thấy lạnh buốt, ở nhà em nên để nhiệt độ phòng bao nhiêu là tốt nhất và cần làm gì ngay khi sinh để giữ ấm cho bé, tránh cho con bị nhiễm lạnh ạ",Hạ thân nhiệt ở trẻ sơ sinh.docx,hạ thân nhiệt ở trẻ sơ sinh.docx,quantitative,KB3_Information_Noise
"Em đang ăn kiêng để giảm cân, cho em hỏi nhu cầu năng lượng từ sữa mẹ/ngày cho trẻ từ 3-5 tháng tuổi là bao nhiêu kcal",Tài liệu khóa học Nuôi con bằng sữa mẹ.pdf,tài liệu khóa học nuôi con bằng sữa mẹ.pdf,quantitative,KB3_Information_Noise
"Bà nội em cứ nồi nào cũng nêm gia vị mặn chát cho cháu ăn cùng gia đình, để tránh tình trạng suy dinh dưỡng ở trẻ 34 tháng tuổi, em nên làm gì ạ?",Trẻ 34 tháng tuổi.docx,trẻ 34 tháng tuổi.docx,quantitative,KB3_Information_Noise
"Bà nội em bảo đợi đến 6 tháng mới tiêm, bé 2 tháng tuổi thì cần phải đi tiêm những loại vắc xin gì theo định kỳ ạ",Sổ tay 4Steps - Trang 89,sổ tay 4steps - trang 89,quantitative,KB3_Information_Noise
"Chồng em bảo con chưa biết nói thì đọc sách với nó làm gì cho mệt, cho em hỏi trẻ từ 4 đến 6 tháng tuổi thì nên chơi những trò gì ạ?",20 trò chơi thú vị.docx,20 trò chơi thú vị.docx,quantitative,KB3_Information_Noise
"Chồng em đang tính mua sách dạy chữ Hán cho con từ lúc 3 tháng tuổi, em nên bắt đầu đọc sách cho bé nghe từ khi nào để con sớm làm quen với ngôn ngữ ạ",Sách Không ai hoàn hảo - Trí tuệ,sách không ai hoàn hảo - trí tuệ,quantitative,KB3_Information_Noise
"Em dạo này bù đầu công việc không để ý con bò, đến lúc rảnh mới giật mình thấy con 10 tháng chưa bò, khi nào thì tình trạng này cần phải đưa đi khám bác sĩ",Trẻ trốn bò có sao không.docx,trẻ trốn bò có sao không.docx,quantitative,KB3_Information_Noise
"Em thấy hàng xóm nêm mắm nhắm vào bát cháo cho bé 8 tháng ăn ngoan lắm, nhưng em thì sợ thận con yếu, tại sao bác sĩ lại dặn là không nên nêm thêm mắm hay muối vào thức ăn dặm của trẻ dưới 1 tuổi ạ",Hướng dẫn đầy đủ về ăn dặm theo khuyến cáo của Viện Dinh dưỡng Quốc gia.docx,hướng dẫn đầy đủ về ăn dặm theo khuyến cáo của viện dinh dưỡng quốc gia.docx,quantitative,KB3_Information_Noise
"Em sợ tiêm phòng vì bé khóc, nhưng lợi ích của việc tiêm chủng vắc xin đầy đủ cho trẻ là gì để em động viên mình",viendinhduong_nuoi_duong_cham_soc_tre_so_sinh.pdf,viendinhduong_nuoi_duong_cham_soc_tre_so_sinh.pdf,semantic,KB3_Information_Noise
"Chồng em vừa đi công tác, em stress quá , cho em hỏi nguyên nhân xuất huyết não ở trẻ sơ sinh là gì?",qa_me_bim_sau_sinh_100.csv.xlsx,qa_me_bim_sau_sinh_100.csv.xlsx,semantic,KB3_Information_Noise
"Em mới về nhà sau khi xuất viện cùng với bé, em muốn biết thời kỳ hậu sản là gì?",qa_me_bim_sau_sinh_100.csv.xlsx,qa_me_bim_sau_sinh_100.csv.xlsx,semantic,KB3_Information_Noise
"Em thấy phòng khám đông đúc quá, 10 điều kiện nuôi con bằng sữa mẹ thành công bao gồm những gì để em tự làm ở nhà",Tài liệu khóa học Nuôi con bằng sữa mẹ.pdf,tài liệu khóa học nuôi con bằng sữa mẹ.pdf,semantic,KB3_Information_Noise
"2 vợ chồng em đang cãi lộn việc trông con, em muốn biết viêm tiểu phế quản ở trẻ sơ sinh là gì?",qa_me_bim_sau_sinh_100.csv.xlsx,qa_me_bim_sau_sinh_100.csv.xlsx,semantic,KB3_Information_Noise
"Em đang định xem phim hài để giải trí, thời điểm cần sử dụng các biện pháp tránh thai sau sinh","d3fa1053-wp8-postpartum-care-handbook-viet.pdf/Trang 54,55,56","trang 54,55,56",semantic,KB3_Information_Noise
"Hôm nay đi ngang đường để mua tã cho bé, em thắc mắc cách phòng bệnh tay chân miệng hiệu quả?",qa_me_bim_sau_sinh_100.csv.xlsx,qa_me_bim_sau_sinh_100.csv.xlsx,semantic,KB3_Information_Noise
"Chồng em cú đi làm về khuya em chán quá, cho em hỏi viêm màng não ở trẻ nhỏ?",qa_me_bim_sau_sinh_100.csv.xlsx,qa_me_bim_sau_sinh_100.csv.xlsx,semantic,KB3_Information_Noise
"Em đang uống cà phê pha đặc để thức đêm, cho em hỏi trầm cảm sau sinh là gì?",Hỗ trợ sức khỏe tâm thần cho phụ nữ sau sinh như thế nào.docx,hỗ trợ sức khỏe tâm thần cho phụ nữ sau sinh như thế nào.docx,semantic,KB3_Information_Noise
"về sức khỏe của em bé, cho em hỏi em bé sau sinh cần hỗ trợ về sức khỏe tâm thần như thế nào?",Hỗ trợ sức khỏe tâm thần cho phụ nữ sau sinh như thế nào.docx,hỗ trợ sức khỏe tâm thần cho phụ nữ sau sinh như thế nào.docx,semantic,KB3_Information_Noise
"Hai vợ chồng đang bé con đi chơi, thấy có bé bị bệnh, cho em hỏi bệnh tay chân miệng lây lan như thế nào?",qa_me_bim_sau_sinh_100.csv.xlsx,qa_me_bim_sau_sinh_100.csv.xlsx,semantic,KB3_Information_Noise
